Role,Company,Category,Years' Experience,City,Country,Gender,Currency,Salary,Mode,Period,Non-cash Compensation,Verified Salary Slip
Tester,Purchase to unlock 👆,Other / Unknown,3,Bandung,ID,Male,IDR,30000000,Net,Monthly,RSU so stonks.,Verified
Software Engineer,Purchase to unlock 👆,Other / Unknown,12,Banten,ID,Male,IDR,54000000,Gross,Monthly,*Vacation allowance = 1 month salary *Full medical coverage = rawat jalan (unlimited); rawat inap (up to 1.000.000 IDR/night) *Educational allowance = S1 (100% paid by company) ; S2 (75% paid by company),
Backend Engineer,Purchase to unlock 👆,Other / Unknown,5,Jakarta,ID,Male,IDR,16500000,Gross,Monthly,,
Android Developer,Purchase to unlock 👆,Other / Unknown,5,Jakarta,ID,Male,IDR,23500000,Gross,Monthly,"Insurance, work from home.",
Data Scientist,Purchase to unlock 👆,Other / Unknown,6,Jakarta,ID,Male,IDR,14600000,Net,Monthly,,
Data Scientist,Purchase to unlock 👆,Other / Unknown,6,Jakarta,ID,Male,IDR,14600000,Net,Monthly,,
Backend Engineer,Purchase to unlock 👆,Other / Unknown,10,Tangerang,ID,Prefer not to tell,IDR,49000000,Gross,Monthly,,
Software Engineer,Purchase to unlock 👆,Other / Unknown,2,Tangerang,ID,Male,IDR,13750000,Net,Monthly,Private insurance,
Frontend Engineer,Purchase to unlock 👆,Crowdsourcing,3,Bogor,ID,Male,IDR,21500000,Gross,Monthly,,
Frontend Engineer,Purchase to unlock 👆,Other / Unknown,1,Bekasi,ID,Male,IDR,6955000,Gross,Monthly,,
Frontend Engineer,Purchase to unlock 👆,Other / Unknown,2,Surabaya,ID,Male,IDR,8500000,Net,Monthly,Travel reimbursement,
Project Manager,Purchase to unlock 👆,Other / Unknown,5,Yogyakarta,ID,Prefer not to tell,IDR,30000000,Gross,Monthly,,
Software Engineer,Purchase to unlock 👆,Other / Unknown,2,Tangerang,ID,Male,IDR,8100000,Net,Monthly,,
Software Engineer,Purchase to unlock 👆,Other / Unknown,2,Tangerang,ID,Male,IDR,8100000,Net,Monthly,,
Android Developer,Purchase to unlock 👆,Other / Unknown,0,Surabaya,ID,Male,IDR,4700000,Gross,Monthly,,
Software Engineer,Purchase to unlock 👆,Other / Unknown,6,Tangerang,ID,Prefer not to tell,IDR,39000000,Net,Monthly,,
Fullstack Developer,Purchase to unlock 👆,Other / Unknown,1,Jakarta,ID,Prefer not to tell,IDR,9000000,Net,Monthly,,
UX Writer,Purchase to unlock 👆,Other / Unknown,3,Jakarta,ID,Prefer not to tell,IDR,7650000,Net,Monthly,,
UX Writer,Purchase to unlock 👆,Other / Unknown,4,Jakarta,ID,Prefer not to tell,IDR,6600000,Gross,Monthly,,
Data Analyst,Purchase to unlock 👆,Other / Unknown,1,Jakarta,ID,Female,IDR,7500000,Gross,Monthly,,
Android Developer,Purchase to unlock 👆,Other / Unknown,5,Surabaya,ID,Prefer not to tell,IDR,7600000,Gross,Monthly,,
Data Analyst,Traveloka,Other / Unknown,1,Jakarta,ID,Male,IDR,14240000,Net,Monthly,,
Software Engineer,Purchase to unlock 👆,Other / Unknown,0,Jakarta,ID,Male,IDR,11000000,Net,Monthly,,
Backend Engineer,Purchase to unlock 👆,Other / Unknown,1,Tangerang,ID,Prefer not to tell,IDR,5000000,Gross,Monthly,,
Tester,Purchase to unlock 👆,Other / Unknown,8,Jakarta,ID,Prefer not to tell,IDR,18000000,Net,Monthly,15 dayoff,
Project Manager,Purchase to unlock 👆,Other / Unknown,10,Jakarta,ID,Male,IDR,37000000,Gross,Monthly,,Verified
Backend Engineer,Gojek,Other / Unknown,4,Bekasi,ID,Male,IDR,30900000,Net,Monthly,,
UI Designer,Purchase to unlock 👆,Other / Unknown,5,Yogyakarta,ID,Prefer not to tell,IDR,9000000,Net,Monthly,"Insurance, remote-work option",
Project Manager,Gojek,Other / Unknown,5,Jakarta,ID,Prefer not to tell,IDR,41000000,Net,Monthly,,
IT Support,Purchase to unlock 👆,Other / Unknown,0,Jakarta,ID,Male,IDR,18000000,Net,Monthly,Stock option as per request by employee,
Data Scientist,Traveloka,Other / Unknown,4,Tangerang,ID,Male,IDR,28000000,Net,Monthly,,
Data Scientist,Purchase to unlock 👆,Other / Unknown,1,Bandung,ID,Female,IDR,6500000,Gross,Monthly,,
Project Manager,Purchase to unlock 👆,Other / Unknown,1,Bandung,ID,Male,IDR,5000000,Net,Monthly,,
Project Manager,Purchase to unlock 👆,Other / Unknown,12,Bogor,ID,Male,IDR,25000000,Gross,Monthly,,
Project Manager,Purchase to unlock 👆,Other / Unknown,6,Jakarta,ID,Male,IDR,25000000,Net,Monthly,"- Corporate Flazz Card 700 Ribu , top up every week for toll & petrol - Pph21 Tax Refund , Company paid my salary tax",
Android Developer,Purchase to unlock 👆,Fintech,1,Jakarta,ID,Male,IDR,5500000,Net,Monthly,"Insurance, Transportation, Telecomunications",
Project Manager,Purchase to unlock 👆,Property Startup,6,Jakarta,ID,Male,IDR,28000000,Gross,Monthly,,
Software Engineer,Purchase to unlock 👆,Fintech,0,Jakarta,ID,Male,IDR,12000000,Gross,Monthly,External Insurance,
Project Manager,Purchase to unlock 👆,Other / Unknown,5,Jakarta,ID,Male,IDR,20000000,Gross,Monthly,,
Frontend Engineer,Purchase to unlock 👆,Other / Unknown,1,Yogyakarta,ID,Prefer not to tell,IDR,10000000,Gross,Monthly,,
Backend Engineer,Purchase to unlock 👆,Other / Unknown,3,Jakarta,ID,Male,IDR,8000000,Net,Monthly,Private health insurance Gym Membership BPJS,
IT Support,Purchase to unlock 👆,Other / Unknown,5,Jakarta,ID,Male,IDR,10000000,Gross,Monthly,"Full health benefits, phone credits, transportation vouchers, PTO",
Frontend Engineer,Purchase to unlock 👆,Other / Unknown,2,Jakarta,ID,Prefer not to tell,IDR,15800000,Gross,Monthly,"Insurance, 12 days off",Verified
UI Designer,Purchase to unlock 👆,Other / Unknown,12,Bandung,ID,Male,IDR,40000000,Gross,Monthly,,
Software Engineer,Purchase to unlock 👆,Other / Unknown,0,Surabaya,ID,Male,IDR,5000000,Gross,Monthly,"LOP, insurance,",
UX Writer,Purchase to unlock 👆,Other / Unknown,1,Jakarta,ID,Female,IDR,8500000,Gross,Monthly,"Health Insurance, Life Insurance",Verified
Data Scientist,Gojek,Other / Unknown,4,Jakarta,ID,Male,IDR,32500000,Net,Monthly,,
Software Engineer,Purchase to unlock 👆,Other / Unknown,2,Semarang,ID,Male,IDR,3000000,Net,Monthly,,Verified
Project Manager,Gojek,Other / Unknown,4,Jakarta,ID,Female,IDR,14600000,Gross,Monthly,N/A,
Data Engineer,Purchase to unlock 👆,Other / Unknown,3,Surabaya,ID,Male,IDR,15000000,Net,Monthly,,
Data Analyst,Purchase to unlock 👆,Other / Unknown,0,Jakarta,ID,Female,IDR,9000000,Net,Monthly,,
Software Engineer,Purchase to unlock 👆,Other / Unknown,3,Jakarta,ID,Prefer not to tell,IDR,33000000,Net,Monthly,,
Data Engineer,Purchase to unlock 👆,Fintech,3,Jakarta,ID,Prefer not to tell,IDR,18000000,Gross,Monthly,"Private Insurance, Tax Benefit",
Data Engineer,Purchase to unlock 👆,Fintech,3,Jakarta,ID,Male,IDR,18000000,Gross,Monthly,"Private Insurance, Tax Benefit",
Android Developer,Purchase to unlock 👆,Other / Unknown,13,Jakarta,ID,Prefer not to tell,IDR,38000000,Net,Monthly,Medical Insurance,
Quality Assurance,Purchase to unlock 👆,Other / Unknown,7,Yogyakarta,ID,Prefer not to tell,IDR,10500000,Gross,Monthly,,
Project Manager,Purchase to unlock 👆,Other / Unknown,6,Jakarta,ID,Male,IDR,25989590,Gross,Monthly,,
Project Manager,Purchase to unlock 👆,Other / Unknown,5,Jakarta,ID,Male,IDR,36700000,Gross,Monthly,RSU twice a year,
Project Manager,Purchase to unlock 👆,Other / Unknown,4,Jakarta,ID,Prefer not to tell,IDR,16400000,Net,Monthly,,
Project Manager,Purchase to unlock 👆,Other / Unknown,0,Jakarta,ID,Male,IDR,9500000,Net,Monthly,"Stock Options, Private Insurance, laptop Ownership, Smartphone Ownership program, Unlimited leaves if there's covid or any danger medical situation, special leaves for family events",
Project Manager,Purchase to unlock 👆,Other / Unknown,11,Yogyakarta,ID,Male,IDR,39000000,Net,Monthly,,
Data Analyst,Traveloka,Other / Unknown,5,Tangerang,ID,Male,IDR,23000000,Net,Monthly,,
Quality Assurance,Purchase to unlock 👆,Other / Unknown,6,Bandung,ID,Female,IDR,15450000,Gross,Monthly,20 days annual leave,
Project Manager,Purchase to unlock 👆,Fintech,1,Jakarta,ID,Male,IDR,8500000,Net,Monthly,,
Project Manager,Gojek,Other / Unknown,3,Jakarta,ID,Prefer not to tell,IDR,35000000,Net,Monthly,,
Data Analyst,Gojek,Other / Unknown,1,Jakarta,ID,Female,IDR,8500000,Gross,Monthly,,
IT Support,Gojek,Other / Unknown,3,Jakarta,ID,Male,IDR,9600000,Gross,Monthly,,
IT Support,Purchase to unlock 👆,Other / Unknown,2,Jakarta,ID,Male,IDR,7725000,Net,Monthly,None,
IT Support,Purchase to unlock 👆,Other / Unknown,5,Jakarta,ID,Female,IDR,7000000,Net,Monthly,"BPJS, Medical, training, performance bonus, THR, lumsum",
Quality Assurance,Purchase to unlock 👆,Other / Unknown,3,Bandung,ID,Prefer not to tell,IDR,11000000,Gross,Monthly,,
Quality Assurance,Purchase to unlock 👆,Other / Unknown,4,Jakarta,ID,Male,IDR,10000000,Net,Monthly,,
Quality Assurance,Purchase to unlock 👆,Consultancy,3,Jakarta,ID,Female,IDR,12000000,Net,Monthly,"Transport allowance, 13th salary, yearly fixed bonus, performance bonus, medical insurance, maternity and glasses reimbursement, ESPP, parking reimbursement.",
Project Manager,Purchase to unlock 👆,Other / Unknown,0,Jakarta,ID,Female,IDR,5000000,Net,Monthly,,
IT Support,Purchase to unlock 👆,Other / Unknown,7,Banten,ID,Male,IDR,36000000,Gross,Monthly,,
IT Support,Purchase to unlock 👆,Other / Unknown,3,Jakarta,ID,Female,IDR,9000000,Gross,Monthly,,
Quality Assurance,Purchase to unlock 👆,Other / Unknown,6,Tangerang,ID,Male,IDR,15000000,Gross,Monthly,Meals,
Project Manager,Gojek,Other / Unknown,7,Jakarta,ID,Male,IDR,24000000,Net,Monthly,Communication + Transportation Compensation,
Android Developer,Purchase to unlock 👆,Other / Unknown,1,Jakarta,ID,Prefer not to tell,IDR,6000000,Gross,Monthly,,
UI Designer,Purchase to unlock 👆,E-Commerce,4,Jakarta,ID,Male,IDR,9000000,Net,Monthly,,
Data Analyst,Traveloka,Other / Unknown,3,Jakarta,ID,Prefer not to tell,IDR,13000000,Net,Monthly,,
Data Engineer,Purchase to unlock 👆,Other / Unknown,3,Jakarta,ID,Male,IDR,18000000,Gross,Monthly,"Tax Benefit, Private Health Insurance",
Android Developer,Purchase to unlock 👆,Edtech,5,Semarang,ID,Prefer not to tell,IDR,18500000,Net,Monthly,,
Project Manager,Gojek,Other / Unknown,6,Jakarta,ID,Prefer not to tell,IDR,25000000,Gross,Monthly,,
UI Designer,Purchase to unlock 👆,Edtech,2,Yogyakarta,ID,Prefer not to tell,IDR,3000000,Gross,Monthly,Private Insurance,
UI Designer,Purchase to unlock 👆,Other / Unknown,3,Surabaya,ID,Prefer not to tell,IDR,3550000,Net,Monthly,,
UI Designer,Gojek,Other / Unknown,1,Jakarta,ID,Male,IDR,9000000,Gross,Monthly,,
Data Analyst,Purchase to unlock 👆,Other / Unknown,3,Jakarta,IQ,Male,IDR,14500000,Gross,Monthly,,
UX Writer,tiket.com,Other / Unknown,2,Jakarta,ID,Prefer not to tell,IDR,12000000,Net,Monthly,8000000,
UX Writer,tiket.com,Other / Unknown,2,Jakarta,ID,Prefer not to tell,IDR,15000000,Net,Monthly,8000000,
UX Writer,tokopedia,Other / Unknown,1,Jakarta,ID,Prefer not to tell,IDR,8000000,Gross,Monthly,,
UX Writer,tokopedia,Other / Unknown,5,Jakarta,ID,Prefer not to tell,IDR,15000000,Gross,Monthly,,
UX Writer,tiket.com,Other / Unknown,3,Jakarta,ID,Prefer not to tell,IDR,15000000,Net,Monthly,,
Project Manager,Purchase to unlock 👆,Other / Unknown,1,Jakarta,ID,Male,IDR,13000000,Net,Monthly,,
Software Engineer,Tokopedia,Other / Unknown,2,Jakarta,ID,Male,IDR,12325000,Gross,Monthly,"Allowance, Bonus, Stock, Insurance",
Data Analyst,Purchase to unlock 👆,Other / Unknown,2,Jakarta,ID,Female,IDR,13000000,Net,Monthly,,
Data Analyst,Gojek,Other / Unknown,2,Jakarta,ID,Female,IDR,11000000,Net,Monthly,Gopay 500k,
UX Writer,Purchase to unlock 👆,Bank,1,Jakarta,ID,Prefer not to tell,IDR,14750000,Net,Monthly,,
Project Manager,Purchase to unlock 👆,Other / Unknown,3,Jakarta,ID,Female,IDR,26000000,Gross,Monthly,,
Project Manager,Purchase to unlock 👆,E-Commerce,1,Jakarta,ID,Prefer not to tell,IDR,8500000,Gross,Monthly,Insurance; WFH; Transport benefits,
Project Manager,Purchase to unlock 👆,Other / Unknown,5,Jakarta,ID,Male,IDR,12000000,Net,Monthly,"Wfh, insurance, reimburse, flexible working time,",
Project Manager,Purchase to unlock 👆,Other / Unknown,3,Jakarta,ID,Prefer not to tell,IDR,32000000,Gross,Monthly,,
Project Manager,Gojek,Other / Unknown,9,Banten,ID,Female,IDR,37000000,Gross,Monthly,,
Project Manager,Purchase to unlock 👆,Edtech,1,Yogyakarta,ID,Male,IDR,10000000,Net,Monthly,,
Project Manager,Lazada,Other / Unknown,5,Jakarta,ID,Prefer not to tell,IDR,20000000,Gross,Monthly,,
Quality Assurance,Gojek,Other / Unknown,2,Jakarta,ID,Male,IDR,8033000,Net,Monthly,,
UX Writer,Purchase to unlock 👆,Fintech,3,Jakarta,ID,Male,IDR,12000000,Net,Monthly,,
Data Scientist,Purchase to unlock 👆,Other / Unknown,4,Jakarta,ID,Prefer not to tell,IDR,18000000,Net,Monthly,,
Data Scientist,Purchase to unlock 👆,Other / Unknown,5,Jakarta,ID,Male,IDR,15000000,Net,Monthly,,
Data Scientist,Purchase to unlock 👆,Bank,2,Jakarta,ID,Prefer not to tell,IDR,40000000,Net,Monthly,,
Data Analyst,Purchase to unlock 👆,Other / Unknown,1,Bandung,ID,Female,IDR,5300000,Gross,Monthly,,
Project Manager,Lazada Indonesia,Other / Unknown,5,Jakarta,ID,Prefer not to tell,IDR,30000000,Gross,Monthly,RSU worth 8000 usd,
Project Manager,Lazada Indonesia,Other / Unknown,5,Jakarta,ID,Prefer not to tell,IDR,30000000,Gross,Monthly,RSU worth 8000 usd,
UX Writer,tiket.com,Other / Unknown,3,Bekasi,ID,Male,IDR,20000000,Net,Monthly,,
Data Analyst,Purchase to unlock 👆,Wallet Startup,3,Jakarta,ID,Male,IDR,10000000,Net,Monthly,"Medical, communication, transport allowance",
Project Manager,Purchase to unlock 👆,Fintech,3,Jakarta,ID,Prefer not to tell,IDR,17000000,Net,Monthly,"Private Insurance, Lunch",
Frontend Engineer,Purchase to unlock 👆,Other / Unknown,2,Surabaya,ID,Male,IDR,4000000,Net,Monthly,,
UX Writer,Purchase to unlock 👆,Other / Unknown,5,Jakarta,ID,Female,IDR,29000000,Net,Monthly,,
Data Analyst,Purchase to unlock 👆,Other / Unknown,1,Jakarta,ID,Female,IDR,14000000,Gross,Monthly,,
Data Analyst,Purchase to unlock 👆,Other / Unknown,3,Jakarta,ID,Prefer not to tell,IDR,7000000,Gross,Monthly,"Health insurance (inpatient & outpatient), glasses (after 1 year of employment; lenses: every year; frame: every 2 years), gym (reimbursed), paid leave, sick leave, maternity leave, period leave, taxi vouchers (only work related), laptop (during employment)",
Data Analyst,Purchase to unlock 👆,Other / Unknown,3,Jakarta,ID,Prefer not to tell,IDR,9000000,Net,Monthly,,
Backend Engineer,Purchase to unlock 👆,Other / Unknown,1,Yogyakarta,ID,Prefer not to tell,IDR,6000000,Gross,Monthly,,
Data Scientist,Purchase to unlock 👆,Fintech,6,Jakarta,ID,Male,IDR,14500000,Gross,Monthly,,
Data Scientist,Purchase to unlock 👆,Other / Unknown,1,Jakarta,ID,Prefer not to tell,IDR,5500000,Gross,Monthly,,Verified
Android Developer,Purchase to unlock 👆,Other / Unknown,13,Jakarta,ID,Male,IDR,37799000,Net,Monthly,Medical Insurance,
UX Writer,Purchase to unlock 👆,Other / Unknown,1,Yogyakarta,ID,Male,IDR,3000000,Gross,Monthly,Inpatient insurance,
Data Analyst,Purchase to unlock 👆,Other / Unknown,7,Jakarta,ID,Male,IDR,9000000,Net,Monthly,,
Data Analyst,Purchase to unlock 👆,Other / Unknown,2,Jakarta,ID,Male,IDR,15000000,Gross,Monthly,Healthcare a month salary for a year 15 days off,
Data Analyst,Purchase to unlock 👆,Other / Unknown,6,Surabaya,ID,Male,IDR,7000000,Net,Monthly,,
Fullstack Developer,Purchase to unlock 👆,Other / Unknown,5,Surabaya,ID,Prefer not to tell,IDR,46000000,Net,Monthly,,
Project Manager,Gojek,Other / Unknown,3,Jakarta,ID,Prefer not to tell,IDR,20000000,Net,Monthly,,
Tester,Purchase to unlock 👆,Other / Unknown,0,Yogyakarta,ID,Male,IDR,5200000,Net,Monthly,Insurance,
Software Engineer,Gojek,Other / Unknown,5,Yogyakarta,ID,Prefer not to tell,IDR,28000000,Net,Monthly,,
Software Engineer,Purchase to unlock 👆,Cement Factory,4,Jakarta,ID,Male,IDR,16000000,Gross,Monthly,,
Software Engineer,Purchase to unlock 👆,Other / Unknown,2,Jakarta,ID,Prefer not to tell,IDR,12000000,Net,Monthly,Stock: Around 1x salary per year Performance Bonus: 6-8x Salary (Depends on your performance and company performance),
Software Engineer,Purchase to unlock 👆,Other / Unknown,1,Surabaya,ID,Male,IDR,46000000,Gross,Monthly,"Stock options, flexible time off, WFH",Verified
Software Engineer,Bukalapak,Other / Unknown,7,Jakarta,ID,Prefer not to tell,IDR,23000000,Gross,Monthly,,
Tester,Lazada,Other / Unknown,4,Jakarta,ID,Male,IDR,5800000,Gross,Monthly,,
Tester,Purchase to unlock 👆,Other / Unknown,1,Banten,ID,Male,IDR,4500000,Gross,Monthly,"BPJS TK, BPJS Kesehatan, Bensin, Sewa Motor, dan Komisi",
Frontend Engineer,Purchase to unlock 👆,Other / Unknown,1,Jakarta,ID,Prefer not to tell,IDR,9000000,Gross,Monthly,"WFH, Insurance",
Software Engineer,Purchase to unlock 👆,Other / Unknown,1,Jakarta,ID,Prefer not to tell,IDR,12500000,Net,Monthly,"Insurance, full WFH(currently), 18 days off,",
Project Manager,Purchase to unlock 👆,Other / Unknown,9,Jakarta,ID,Male,IDR,14300000,Gross,Monthly,,
Project Manager,Purchase to unlock 👆,Other / Unknown,3,Semarang,ID,Male,IDR,6000000,Gross,Monthly,,
Project Manager,Gojek,Other / Unknown,1,Jakarta,ID,Female,IDR,5000000,Gross,Monthly,Stock options,
Project Manager,Purchase to unlock 👆,Other / Unknown,1,Depok,ID,Prefer not to tell,IDR,20000000,Net,Monthly,,
Data Analyst,Purchase to unlock 👆,Other / Unknown,4,Surabaya,ID,Male,IDR,30000000,Gross,Monthly,Opsi saham,
Data Analyst,Purchase to unlock 👆,Other / Unknown,4,Surabaya,ID,Male,USD,30000000,Gross,Monthly,"Opsi saham, uang pangkal, konsumsi, fasilitas kesehatan, operasional (laptop), dana transportasi.",
Project Manager,Purchase to unlock 👆,Edtech,2,Jakarta,ID,Male,IDR,15700000,Gross,Monthly,1x Bonus / Year Full WFH,
Project Manager,Purchase to unlock 👆,Other / Unknown,10,Jakarta,ID,Male,IDR,24000000,Net,Monthly,,
Project Manager,Purchase to unlock 👆,Edtech,3,Jakarta,ID,Female,IDR,11500000,Gross,Monthly,"BPJS, Insurance",
Android Developer,Purchase to unlock 👆,Other / Unknown,0,Jakarta,ID,Male,IDR,7000000,Gross,Monthly,"Health Insurance, Yearly Bonus",
Data Analyst,Purchase to unlock 👆,Other / Unknown,2,Surabaya,ID,Prefer not to tell,IDR,7000000,Gross,Monthly,,Verified
Data Analyst,Purchase to unlock 👆,Other / Unknown,4,Jakarta,ID,Male,IDR,18200000,Net,Monthly,,
UX Writer,Purchase to unlock 👆,Wallet Startup,5,Jakarta,ID,Prefer not to tell,IDR,30000000,Net,Monthly,"Meals, Communication",
Project Manager,Purchase to unlock 👆,Other / Unknown,1,Jakarta,ID,Male,IDR,13000000,Gross,Monthly,,
Android Developer,Purchase to unlock 👆,Other / Unknown,0,Yogyakarta,ID,Prefer not to tell,IDR,4000000,Gross,Monthly,,
Frontend Engineer,Purchase to unlock 👆,Other / Unknown,3,Jakarta,ID,Prefer not to tell,IDR,8000000,Gross,Monthly,,
Frontend Engineer,Purchase to unlock 👆,Other / Unknown,6,Jakarta,ID,Prefer not to tell,IDR,20000000,Gross,Monthly,,
Frontend Engineer,Gojek,Other / Unknown,3,Jakarta,ID,Prefer not to tell,IDR,17000000,Net,Monthly,RSU,
Android Developer,Purchase to unlock 👆,Fintech,0,Jakarta,ID,Female,IDR,6000000,Net,Monthly,Insurance,
Android Developer,Purchase to unlock 👆,Other / Unknown,5,Jakarta,ID,Prefer not to tell,IDR,26000000,Net,Monthly,"Medical Insurance, annual leave, gym, lunch",
Android Developer,Purchase to unlock 👆,Bank,2,Semarang,ID,Female,IDR,4500000,Net,Monthly,,
Software Engineer,Gojek,Other / Unknown,4,Bekasi,ID,Prefer not to tell,IDR,31000000,Net,Monthly,Insurance,
Software Engineer,Purchase to unlock 👆,Other / Unknown,5,Yogyakarta,ID,Female,IDR,30000000,Gross,Monthly,"Insurance, Car ownership program, danone stock, deposito pension program (differ from bpjs), 6 months birth leave",
Frontend Engineer,Purchase to unlock 👆,Other / Unknown,2,Surabaya,ID,Prefer not to tell,IDR,12000000,Net,Monthly,,
IT Support,Purchase to unlock 👆,Other / Unknown,3,Jakarta,ID,Prefer not to tell,IDR,8600000,Gross,Monthly,,
IT Support,Purchase to unlock 👆,Consultancy,9,Bekasi,ID,Male,IDR,20000000,Gross,Monthly,,
IT Support,Traveloka,Other / Unknown,5,Jakarta,ID,Female,IDR,11500000,Net,Monthly,"Transport, Lunch, Yearly Traveloka points value 5mio++",
IT Support,Traveloka,Other / Unknown,5,Jakarta,ID,Female,IDR,11500000,Net,Monthly,"Transport, Lunch, Yearly Traveloka points value 5mio++",
UI Designer,Gojek,Other / Unknown,5,Jakarta,ID,Prefer not to tell,IDR,32000000,Gross,Monthly,RSU,
UI Designer,Gojek,Other / Unknown,1,Semarang,ID,Male,IDR,3300000,Gross,Monthly,,
UI Designer,Purchase to unlock 👆,Other / Unknown,2,Jakarta,ID,Male,IDR,6600000,Gross,Monthly,,
Frontend Engineer,Purchase to unlock 👆,Other / Unknown,3,Yogyakarta,ID,Prefer not to tell,IDR,18600000,Gross,Monthly,,
Tester,Gojek,Other / Unknown,2,Yogyakarta,ID,Female,IDR,2000000,Gross,Monthly,,
Fullstack Developer,Purchase to unlock 👆,Other / Unknown,1,Banten,ID,Prefer not to tell,IDR,9000000,Gross,Monthly,,
Software Engineer,Bukalapak,Other / Unknown,6,Depok,ID,Male,IDR,24000000,Net,Monthly,"Medical insurance, budget entertainmenr, WFH",
Frontend Engineer,Purchase to unlock 👆,Other / Unknown,2,Tangerang,ID,Male,IDR,7500000,Net,Monthly,,
Project Manager,Lazada,Other / Unknown,10,Jakarta,ID,Prefer not to tell,IDR,21000000,Net,Monthly,,
Project Manager,Purchase to unlock 👆,Other / Unknown,9,Jakarta,ID,Prefer not to tell,IDR,14000000,Net,Monthly,,
Software Engineer,Bukalapak,Other / Unknown,5,Depok,ID,Male,IDR,28000000,Net,Monthly,,
Software Engineer,Shopee,Other / Unknown,2,Jakarta,ID,Male,IDR,5660000,Gross,Monthly,,
Data Analyst,Purchase to unlock 👆,Other / Unknown,2,Jakarta,ID,Female,IDR,18000000,Net,Monthly,,
Data Analyst,Purchase to unlock 👆,Other / Unknown,6,Jakarta,ID,Female,IDR,16000000,Net,Monthly,,
Data Analyst,Purchase to unlock 👆,Food Startup,0,Jakarta,ID,Male,IDR,6000000,Gross,Monthly,BPJS,
Data Analyst,Purchase to unlock 👆,Other / Unknown,1,Jakarta,ID,Male,IDR,7000000,Gross,Monthly,Medical Insurance,
Backend Engineer,Bukalapak,Other / Unknown,0,Jakarta,ID,Male,IDR,11500000,Gross,Monthly,"Health insurance, covers 1 wife and 3 children",
Software Engineer,Tiket.com,Other / Unknown,5,Jakarta,ID,Prefer not to tell,IDR,18000000,Net,Monthly,,
Software Engineer,Purchase to unlock 👆,Cosmetic Startup,3,Jakarta,ID,Female,IDR,17500000,Gross,Monthly,,
Software Engineer,Shopee,Other / Unknown,1,Jakarta,ID,Prefer not to tell,IDR,6500000,Gross,Monthly,,
Software Engineer,Purchase to unlock 👆,Other / Unknown,5,Jakarta,ID,Prefer not to tell,IDR,21000000,Gross,Monthly,#NAME?,
Software Engineer,Purchase to unlock 👆,Wallet Startup,5,Jakarta,ID,Prefer not to tell,IDR,37000000,Gross,Monthly,"Insurance, potential bonus up to 4x salary per year depending on the company and personal performance",
UI Designer,Purchase to unlock 👆,Other / Unknown,5,Jakarta,ID,Prefer not to tell,IDR,27000000,Gross,Monthly,,
UI Designer,Purchase to unlock 👆,Other / Unknown,2,Jakarta,ID,Male,IDR,8000000,Net,Monthly,,
UI Designer,Purchase to unlock 👆,Other / Unknown,4,Jakarta,ID,Prefer not to tell,IDR,5000000,Gross,Monthly,,Verified
Android Developer,Purchase to unlock 👆,Other / Unknown,4,Yogyakarta,ID,Male,IDR,5500000,Gross,Monthly,,
Android Developer,Purchase to unlock 👆,Other / Unknown,1,Bandung,ID,Male,IDR,9400000,Net,Monthly,-,
IT Support,Purchase to unlock 👆,Other / Unknown,1,Semarang,ID,Male,IDR,15000000,Net,Monthly,15 juta adalah gaji pokok. Masih ditambah jasa pelayanan medis yg bervariasi tiap bulannya tergantung jumlah pasien yang ada. Dan ini masih di satu RS. Dokter berhak untuk menambah SIP max 3 RS,
IT Support,Purchase to unlock 👆,Other / Unknown,5,Yogyakarta,ID,Male,IDR,10000000,Gross,Monthly,"Mess, Housing, Transportation, Akomodation for paid leave",
Data Analyst,Shoppe,Other / Unknown,2,Jakarta,ID,Prefer not to tell,IDR,8000000,Gross,Monthly,,
Project Manager,Purchase to unlock 👆,Other / Unknown,5,Jakarta,ID,Prefer not to tell,IDR,18500000,Net,Monthly,,
Software Engineer,Traveloka,Other / Unknown,5,Jakarta,ID,Male,IDR,24500000,Net,Monthly,,
Project Manager,Purchase to unlock 👆,Other / Unknown,5,Jakarta,ID,Male,IDR,29500000,Gross,Monthly,,
Tester,Shopee,Other / Unknown,0,Bekasi,ID,Prefer not to tell,IDR,5200000,Gross,Monthly,,
Tester,Shopee,Other / Unknown,0,Bekasi,ID,Prefer not to tell,IDR,5200000,Gross,Monthly,,
Tester,Shopee,Other / Unknown,0,Bekasi,ID,Prefer not to tell,IDR,5200000,Gross,Monthly,,
Frontend Engineer,Purchase to unlock 👆,Other / Unknown,3,Jakarta,ID,Male,IDR,11000000,Net,Monthly,,
Tester,Purchase to unlock 👆,Bank,5,Jakarta,ID,Prefer not to tell,IDR,8500000,Gross,Monthly,,
Tester,Purchase to unlock 👆,Other / Unknown,18,Jakarta,ID,Prefer not to tell,IDR,16000000,Net,Monthly,,
Data Analyst,Purchase to unlock 👆,Other / Unknown,1,Jakarta,ID,Male,IDR,10000000,Net,Monthly,,
Frontend Engineer,Purchase to unlock 👆,Edtech,4,Jakarta,ID,Male,IDR,26500000,Net,Monthly,,
Quality Assurance,Purchase to unlock 👆,Other / Unknown,1,Jakarta,ID,Male,IDR,5000000,Net,Monthly,,
Tester,Purchase to unlock 👆,Other / Unknown,4,Jakarta,ID,Male,IDR,45000000,Net,Monthly,,
tester,Purchase to unlock 👆,Other / Unknown,3,Surabaya,ID,Female,IDR,7000000,Gross,Monthly,,
Software Engineer,Traveloka,Other / Unknown,1,Jakarta,ID,Male,IDR,12000000,Gross,Monthly,,
Software Engineer,Purchase to unlock 👆,E-Commerce,5,Jakarta,ID,Male,IDR,27000000,Gross,Monthly,,
Project Manager,Purchase to unlock 👆,Other / Unknown,5,Jakarta,ID,Male,IDR,58000000,Gross,Monthly,,
Project Manager,Purchase to unlock 👆,Edtech,6,Jakarta,ID,Prefer not to tell,IDR,33000000,Net,Monthly,,
Project Manager,Purchase to unlock 👆,Other / Unknown,10,Jakarta,ID,Prefer not to tell,IDR,14800000,Gross,Monthly,,
Fullstack Developer,Purchase to unlock 👆,Other / Unknown,4,Jakarta,FR,Male,IDR,44000000,Gross,Monthly,"Stock Options, Yearly budget for remote setup, book reimbursement, healthcare reimbursement",
Android Developer,Purchase to unlock 👆,Other / Unknown,2,Jakarta,ID,Male,IDR,7400000,Gross,Monthly,,
UX Writer,Purchase to unlock 👆,Other / Unknown,5,Jakarta,ID,Female,IDR,15000000,Gross,Monthly,Health Insurance,
UX Writer,Purchase to unlock 👆,Bank,2,Jakarta,ID,Male,IDR,11630000,Net,Monthly,,
UI Designer,Purchase to unlock 👆,Other / Unknown,1,Banten,ID,Prefer not to tell,IDR,10000000,Gross,Monthly,"Health Insurance, Mangan 3x sehari, Mess, transportation,",
UI Designer,Purchase to unlock 👆,Other / Unknown,2,Jakarta,ID,Male,IDR,14500000,Gross,Monthly,"Remote, insurance, laptop",
UI Designer,Purchase to unlock 👆,Other / Unknown,0,Jakarta,ID,Prefer not to tell,IDR,30000000,Net,Monthly,,
UI Designer,Purchase to unlock 👆,Bank,1,Jakarta,ID,Male,IDR,13675000,Gross,Monthly,,
Software Engineer,Purchase to unlock 👆,Other / Unknown,4,Jakarta,ID,Prefer not to tell,IDR,26000000,Net,Monthly,,
Android Developer,Purchase to unlock 👆,Other / Unknown,2,Jakarta,ID,Male,IDR,12800000,Gross,Monthly,20% per month if hit KPI,
Android Developer,Purchase to unlock 👆,Other / Unknown,1,Jakarta,ID,Prefer not to tell,IDR,15000000,Gross,Monthly,,
Frontend Engineer,Purchase to unlock 👆,Other / Unknown,1,Depok,ID,Male,IDR,10000000,Net,Monthly,,
Tester,Purchase to unlock 👆,Other / Unknown,4,Jakarta,ID,Prefer not to tell,IDR,9000000,Gross,Monthly,,
Software Engineer,Purchase to unlock 👆,Other / Unknown,0,Jakarta,ID,Prefer not to tell,IDR,8000000,Net,Monthly,,
Quality Assurance,Purchase to unlock 👆,Other / Unknown,8,Jakarta,ID,Male,IDR,30000000,Net,Monthly,,
Quality Assurance,Purchase to unlock 👆,Other / Unknown,1,Jakarta,ID,Prefer not to tell,IDR,8000000,Gross,Monthly,,
IT Support,Purchase to unlock 👆,Bank,6,Jakarta,ID,Female,IDR,18000000,Net,Monthly,,
Backend Engineer,Traveloka,Other / Unknown,2,Jakarta,ID,Prefer not to tell,IDR,19000000,Net,Monthly,,
IT Support,Purchase to unlock 👆,Other / Unknown,2,Bandung,ID,Male,IDR,8000000,Gross,Monthly,,
Software Engineer,Tokopedia,Other / Unknown,3,Jakarta,ID,Male,IDR,17000000,Gross,Monthly,1M Monthly Incentive,
Quality Assurance,Purchase to unlock 👆,Other / Unknown,3,Jakarta,ID,Male,IDR,16000000,Net,Monthly,,
Backend Engineer,Traveloka,Other / Unknown,3,Jakarta,ID,Prefer not to tell,IDR,22000000,Net,Monthly,,
Frontend Engineer,Purchase to unlock 👆,Fintech,2,Jakarta,ID,Prefer not to tell,IDR,12000000,Net,Monthly,,
Software Engineer,Gojek,Other / Unknown,2,Surabaya,ID,Male,IDR,7500000,Gross,Monthly,,
Software Engineer,Purchase to unlock 👆,Other / Unknown,9,Semarang,ID,Prefer not to tell,IDR,50000000,Net,Monthly,,
Software Engineer,Purchase to unlock 👆,Other / Unknown,3,Jakarta,ID,Male,IDR,14000000,Gross,Monthly,"Insurance, bonus 1x/year",
Data Analyst,Shopee,Other / Unknown,5,Jakarta,ID,Male,IDR,25000000,Net,Monthly,"BPKS Kes, BPJS TK, Insurance",
Data Analyst,Purchase to unlock 👆,Other / Unknown,1,Jakarta,ID,Prefer not to tell,IDR,5500000,Gross,Monthly,,
Software Engineer,Purchase to unlock 👆,Other / Unknown,3,Jakarta,ID,Male,IDR,25000000,Net,Monthly,1500 RSU,
Fullstack Developer ,Purchase to unlock 👆,Other / Unknown,1,Jakarta,ID,Male,IDR,5900000,Gross,Monthly,,Verified
Fullstack Developer ,Purchase to unlock 👆,Other / Unknown,3,Jakarta,ID,Male,IDR,13900000,Gross,Monthly,,Verified
Fullstack Developer ,Purchase to unlock 👆,Other / Unknown,1,Jakarta,ID,Female,IDR,6500000,Gross,Monthly,,
Fullstack Developer ,Shopee,Other / Unknown,6,Jakarta,ID,Female,IDR,24000000,Gross,Monthly,,
Fullstack Developer ,Purchase to unlock 👆,Other / Unknown,3,Jakarta,ID,Male,IDR,23000000,Net,Monthly,#NAME?,
Quality Assurance,Gojek,Other / Unknown,2,Jakarta,ID,Prefer not to tell,IDR,9500000,Gross,Monthly,"Insurance, Bonus (depends on performance)",
Quality Assurance,Traveloka,Other / Unknown,3,Jakarta,ID,Female,IDR,11000000,Net,Monthly,,
Android Developer,Gojek,Other / Unknown,6,Jakarta,ID,Prefer not to tell,IDR,49000000,Gross,Monthly,,
Tester,Purchase to unlock 👆,Other / Unknown,4,Jakarta,ID,Prefer not to tell,IDR,10885000,Gross,Monthly,,
Backend Engineer,Purchase to unlock 👆,Other / Unknown,4,Jakarta,ID,Prefer not to tell,IDR,12000000,Gross,Monthly,,
Backend Engineer,Purchase to unlock 👆,Other / Unknown,2,Jakarta,ID,Prefer not to tell,IDR,6000000,Net,Monthly,"Insurance, Parking Card, Off Site Events, Sick/Leave Days, WFH",
Data Engineer,Purchase to unlock 👆,Other / Unknown,2,Jakarta,ID,Prefer not to tell,IDR,12000000,Net,Monthly,Insurance,
Data Engineer,Purchase to unlock 👆,Other / Unknown,4,Jakarta,ID,Male,IDR,24000000,Gross,Monthly,,
Project Manager,Purchase to unlock 👆,Other / Unknown,2,Jakarta,ID,Male,IDR,7000000,Gross,Monthly,,
Android Developer,Purchase to unlock 👆,Other / Unknown,2,Jakarta,ID,Prefer not to tell,IDR,12700000,Net,Monthly,,Verified
Software Engineer,Traveloka,Other / Unknown,6,Jakarta,ID,Prefer not to tell,IDR,70000000,Gross,Monthly,,
Software Engineer,Purchase to unlock 👆,Other / Unknown,2,Yogyakarta,ID,Prefer not to tell,IDR,4500000,Net,Monthly,,
Backend Engineer,Purchase to unlock 👆,Other / Unknown,9,Depok,ID,Male,IDR,13570000,Net,Monthly,,
Backend Engineer,Purchase to unlock 👆,Other / Unknown,0,Bekasi,ID,Male,IDR,6397053,Gross,Monthly,Insurance,Verified
Backend Engineer,Purchase to unlock 👆,Other / Unknown,0,Jakarta,ID,Male,IDR,8500000,Gross,Monthly,,
Fullstack Developer,Purchase to unlock 👆,Other / Unknown,10,Bandung,ID,Male,IDR,55000000,Net,Monthly,,
Software Engineer,Purchase to unlock 👆,Other / Unknown,3,Surabaya,ID,Male,IDR,8000000,Gross,Monthly,"BPJS, ISSURANCE, REIMBURSEMENT",
Frontend Engineer,Purchase to unlock 👆,E-Commerce,5,Jakarta,ID,Prefer not to tell,IDR,25000000,Gross,Monthly,,
UX Writer,Purchase to unlock 👆,Other / Unknown,6,Jakarta,ID,Prefer not to tell,IDR,13000000,Net,Monthly,,
UX Writer,Purchase to unlock 👆,Other / Unknown,4,Jakarta,ID,Male,IDR,7500000,Gross,Monthly,"Private Health Insurance, Extra Allowance Per-Semester",
UX Writer,Purchase to unlock 👆,Fintech,2,Jakarta,ID,Male,IDR,9000000,Gross,Monthly,,
Project Manager,Purchase to unlock 👆,Other / Unknown,4,Jakarta,ID,Female,IDR,52000000,Net,Monthly,,
Project Manager,Purchase to unlock 👆,Other / Unknown,8,Jakarta,ID,Male,IDR,20000000,Net,Monthly,,
Project Manager,Purchase to unlock 👆,Other / Unknown,5,Jakarta,ID,Male,IDR,40000000,Gross,Monthly,"Bonus, insurance, wfh",
Project Manager,Purchase to unlock 👆,E-Commerce,2,Jakarta,ID,Prefer not to tell,IDR,12000000,Gross,Monthly,,
Android Developer,Purchase to unlock 👆,Other / Unknown,2,Jakarta,ID,Male,IDR,9200000,Net,Monthly,,
Backend Engineer,Purchase to unlock 👆,Other / Unknown,1,Surabaya,ID,Male,IDR,6400000,Net,Monthly,BPJS,
Fullstack Developer,Purchase to unlock 👆,Other / Unknown,2,Jakarta,ID,Male,IDR,9264871,Gross,Monthly,BPJS,Verified
Android Developer,Purchase to unlock 👆,Other / Unknown,2,Jakarta,ID,Prefer not to tell,IDR,14000000,Net,Monthly,"Unlimited Health Insurance, Spectacles, Stock Options.",
Android Developer,Purchase to unlock 👆,Fintech,3,Jakarta,ID,Male,IDR,12500000,Gross,Monthly,"2X THR (Idul Fitri and Natal), Performance Bonus (2-5x), Asuransi",
Frontend Engineer,Purchase to unlock 👆,Other / Unknown,2,Yogyakarta,ID,Male,IDR,8000000,Net,Monthly,,
Fullstack Developer,Purchase to unlock 👆,Other / Unknown,2,Yogyakarta,ID,Male,IDR,20000000,Gross,Monthly,,
Backend Engineer,Purchase to unlock 👆,Edtech,1,Depok,ID,Male,IDR,7300000,Net,Monthly,,
Software Engineer,Purchase to unlock 👆,Bank,2,Tangerang,ID,Prefer not to tell,IDR,12000000,Gross,Monthly,"BPJS, Asuransi",
Android Developer,Purchase to unlock 👆,Other / Unknown,6,Jakarta,ID,Male,IDR,15500000,Net,Monthly,"Private Medical insurance for 1 family include my wife and up to 3 child, melahirkan reimbursement, kacamata reimbursement",
Software Engineer,Tiket.com,Other / Unknown,8,Jakarta,ID,Male,IDR,50000000,Net,Monthly,Stock Option,
Android Developer,Purchase to unlock 👆,Other / Unknown,1,Jakarta,ID,Male,IDR,11000000,Gross,Monthly,,
Android Developer,Purchase to unlock 👆,Other / Unknown,2,Jakarta,ID,Prefer not to tell,IDR,9000000,Net,Monthly,,
Android Developer,Traveloka,Other / Unknown,3,Surabaya,ID,Male,IDR,20000000,Net,Monthly,,
Android Developer,Purchase to unlock 👆,Other / Unknown,0,Jakarta,ID,Prefer not to tell,IDR,4700000,Gross,Monthly,,
Android Developer,Purchase to unlock 👆,Other / Unknown,1,Jakarta,ID,Female,IDR,5000000,Gross,Monthly,,
Android Developer,Purchase to unlock 👆,Bank,0,Jakarta,ID,Male,IDR,8000000,Gross,Monthly,,
Android Developer,Purchase to unlock 👆,Other / Unknown,1,Jakarta,ID,Prefer not to tell,IDR,5500000,Net,Monthly,,
Android Developer,Purchase to unlock 👆,Other / Unknown,1,Jakarta,ID,Prefer not to tell,IDR,5500000,Net,Monthly,,
UX Writer,Purchase to unlock 👆,Other / Unknown,3,Jakarta,ID,Male,IDR,15000000,Gross,Monthly,,
Software Engineer,Tokopedia,Other / Unknown,2,Jakarta,ID,Male,IDR,10450000,Gross,Monthly,OVO Allowance 500k (incl in gross) Health insurance,
Software Engineer,Purchase to unlock 👆,Other / Unknown,1,Jakarta,ID,Prefer not to tell,IDR,8000000,Gross,Monthly,,
Software Engineer,Purchase to unlock 👆,Other / Unknown,9,Tangerang,ID,Prefer not to tell,IDR,13000000,Gross,Monthly,,
Software Engineer,Purchase to unlock 👆,Other / Unknown,1,Bogor,ID,Female,IDR,4400000,Gross,Monthly,,
Software Engineer,Purchase to unlock 👆,News,1,Jakarta,ID,Female,IDR,8000000,Gross,Monthly,,
Software Engineer,Purchase to unlock 👆,Other / Unknown,3,Bekasi,ID,Female,IDR,6000000,Gross,Monthly,,
Project Manager,Purchase to unlock 👆,Wallet Startup,5,Jakarta,ID,Male,IDR,18000000,Net,Monthly,"Communication allowance, Lunch allowance",
Project Manager,Purchase to unlock 👆,Other / Unknown,6,Jakarta,ID,Male,IDR,20000000,Net,Monthly,Commission,
Project Manager,Purchase to unlock 👆,Other / Unknown,6,Jakarta,ID,Male,IDR,24500000,Net,Monthly,Commission,
Project Manager,Traveloka,Other / Unknown,5,Jakarta,ID,Female,IDR,26000000,Net,Monthly,"Traveloka Points, Lunch, Insurance",
Project Manager,Gojek,Other / Unknown,4,Jakarta,ID,Male,IDR,40000000,Gross,Monthly,"Bonus around 1x salary, Insurance, flexible paid leave and WFH",
UI Designer,Purchase to unlock 👆,Other / Unknown,2,Jakarta,ID,Male,IDR,3200000,Gross,Monthly,,
Project Manager,Purchase to unlock 👆,Other / Unknown,0,Jakarta,ID,Prefer not to tell,IDR,10000000,Net,Monthly,,
Quality Assurance,Purchase to unlock 👆,Coffee Startup,2,Tangerang,ID,Prefer not to tell,IDR,5000000,Net,Monthly,,
Quality Assurance,Purchase to unlock 👆,Other / Unknown,3,Jakarta,ID,Female,IDR,12000000,Gross,Monthly,"Insurance, Lunch, WFH option",
Quality Assurance,Purchase to unlock 👆,Other / Unknown,1,Banten,ID,Prefer not to tell,IDR,16500000,Gross,Monthly,,
Quality Assurance,Purchase to unlock 👆,Other / Unknown,1,Banten,ID,Prefer not to tell,IDR,16500000,Gross,Monthly,,
Quality Assurance,Purchase to unlock 👆,Other / Unknown,0,Jakarta,ID,Prefer not to tell,IDR,1500000,Gross,Monthly,,
Quality Assurance,Purchase to unlock 👆,Other / Unknown,0,Jakarta,ID,Prefer not to tell,IDR,6000000,Net,Monthly,,
Data Engineer,Purchase to unlock 👆,Other / Unknown,3,Jakarta,ID,Male,IDR,15000000,Gross,Monthly,,
Frontend Engineer,Purchase to unlock 👆,Other / Unknown,0,Jakarta,ID,Male,IDR,10000000,Gross,Monthly,,
Data Engineer,Gojek,Other / Unknown,3,Jakarta,ID,Male,IDR,61000000,Gross,Monthly,RSU worth 55000 USD 4 years vested,
Project Manager,Purchase to unlock 👆,Other / Unknown,4,Jakarta,ID,Prefer not to tell,IDR,11500000,Net,Monthly,,
Data Engineer,Purchase to unlock 👆,Other / Unknown,7,Yogyakarta,ID,Female,IDR,17500000,Net,Monthly,"Stock Options, Heath Insurance.",
Backend Engineer,Purchase to unlock 👆,Other / Unknown,1,Yogyakarta,ID,Male,IDR,6000000,Gross,Monthly,"Lunch, afternoon meal",
Project Manager,Purchase to unlock 👆,Other / Unknown,13,Tangerang,ID,Male,IDR,23500000,Net,Monthly,,
UI Designer,Bukalapak,Other / Unknown,4,Jakarta,ID,Prefer not to tell,IDR,14000000,Gross,Monthly,"Insurance, Lunch",
Backend Engineer,Purchase to unlock 👆,Other / Unknown,2,Jakarta,ID,Male,IDR,22000000,Net,Monthly,,
Backend Engineer,Purchase to unlock 👆,Other / Unknown,2,Bandung,ID,Prefer not to tell,IDR,18000000,Gross,Monthly,"WFH, products, health insurance, lunch",
Software Engineer,Bukalapak,Other / Unknown,1,Jakarta,ID,Prefer not to tell,IDR,26000000,Net,Monthly,,
Software Engineer,Bukalapak,Other / Unknown,1,Jakarta,ID,Prefer not to tell,IDR,26000000,Net,Monthly,,
Android Developer,Bukalapak,Other / Unknown,1,Jakarta,ID,Prefer not to tell,IDR,22000000,Net,Monthly,,
Software Engineer,Purchase to unlock 👆,Other / Unknown,3,Bandung,ID,Prefer not to tell,IDR,10000000,Gross,Monthly,,
Software Engineer,Gojek,Other / Unknown,3,Jakarta,ID,Prefer not to tell,IDR,21000000,Net,Monthly,,
Software Engineer,Purchase to unlock 👆,Other / Unknown,0,Surabaya,ID,Male,IDR,3770000,Net,Monthly,,Verified
UX Writer,Purchase to unlock 👆,Other / Unknown,17,Jakarta,ID,Prefer not to tell,IDR,28500000,Net,Monthly,Insurance,
Data Analyst,Purchase to unlock 👆,Other / Unknown,0,Surabaya,ID,Prefer not to tell,IDR,4400000,Net,Monthly,,
Fullstack Developer,Purchase to unlock 👆,Other / Unknown,2,Yogyakarta,ID,Male,IDR,20000000,Gross,Monthly,,
Software Engineer,Traveloka,Other / Unknown,2,Jakarta,ID,Female,IDR,11000000,Net,Monthly,,
Software Engineer,tiket.com,Other / Unknown,4,Bandung,ID,Prefer not to tell,IDR,21500000,Net,Monthly,,
Software Engineer,Purchase to unlock 👆,Other / Unknown,1,Semarang,ID,Prefer not to tell,IDR,2500000,Gross,Monthly,,
Backend Engineer,Purchase to unlock 👆,Fintech,13,Banten,ID,Male,IDR,27200000,Gross,Monthly,,
Backend Engineer,Traveloka,Other / Unknown,0,Jakarta,ID,Male,IDR,11000000,Net,Monthly,,
Frontend Engineer,Purchase to unlock 👆,Other / Unknown,5,Jakarta,ID,Prefer not to tell,IDR,27000000,Net,Monthly,,
Software Engineer,Purchase to unlock 👆,Fintech,0,Jakarta,ID,Male,IDR,16000000,Net,Monthly,,
Project Manager,Purchase to unlock 👆,Other / Unknown,1,Jakarta,ID,Male,IDR,5000000,Gross,Monthly,"BPJS TK, free drink & meal, medical insurance, flexible working / WFH, 16 days vacation/yr (accumulation), 10 days sick leave, THR",
Frontend Engineer,Purchase to unlock 👆,Other / Unknown,5,Jakarta,ID,Male,IDR,42000000,Net,Monthly,"Insurance, transport, kuota",
Project Manager,Purchase to unlock 👆,Bank,5,Jakarta,ID,Prefer not to tell,IDR,27700000,Gross,Monthly,,
Project Manager,Purchase to unlock 👆,Bank,5,Jakarta,ID,Prefer not to tell,IDR,27700000,Gross,Monthly,,
Project Manager,Purchase to unlock 👆,Other / Unknown,4,Jakarta,ID,Female,IDR,17000000,Net,Monthly,,
Software Engineer,Purchase to unlock 👆,Other / Unknown,7,Jakarta,ID,Male,IDR,20000000,Gross,Monthly,,
Quality Assurance,Purchase to unlock 👆,Fintech,2,Jakarta,ID,Prefer not to tell,IDR,9000000,Net,Monthly,,
Quality Assurance,Purchase to unlock 👆,Fintech,2,Jakarta,ID,Prefer not to tell,IDR,9000000,Net,Monthly,,
Software Engineer,Purchase to unlock 👆,Other / Unknown,2,Bandung,ID,Female,IDR,11500000,Gross,Monthly,"Stock, Performance Bonus",
Software Engineer,Tiket.com,Other / Unknown,5,Jakarta,ID,Prefer not to tell,IDR,20000000,Gross,Monthly,,
Project Manager,Purchase to unlock 👆,Other / Unknown,2,Bogor,ID,Female,IDR,14000000,Gross,Monthly,,
Project Manager,Purchase to unlock 👆,Other / Unknown,2,Bogor,ID,Female,IDR,14000000,Gross,Monthly,,
Project Manager,Purchase to unlock 👆,Other / Unknown,2,Jakarta,ID,Male,IDR,9300000,Net,Monthly,Health Insurance,
UX Writer,Purchase to unlock 👆,Other / Unknown,2,Jakarta,ID,Female,IDR,12000000,Net,Monthly,,
Project Manager,Purchase to unlock 👆,Other / Unknown,7,Jakarta,ID,Prefer not to tell,IDR,16000000,Net,Monthly,"Life & Insurance, DPLK",
UX Writer,Purchase to unlock 👆,Other / Unknown,7,Jakarta,ID,Prefer not to tell,IDR,18000000,Gross,Monthly,"private insurance, extra paid leave",
Project Manager,Tiket.com,Other / Unknown,5,Jakarta,ID,Male,IDR,29000000,Net,Monthly,,
Project Manager,Purchase to unlock 👆,Other / Unknown,8,Tangerang,ID,Male,IDR,75000000,Net,Monthly,Insurance,
Data Analyst,Purchase to unlock 👆,Other / Unknown,0,Jakarta,ID,Female,IDR,11000000,Gross,Monthly,Bonus (based on performance),
Software Engineer,Purchase to unlock 👆,Other / Unknown,2,Bandung,ID,Male,IDR,8900000,Gross,Monthly,,
Android Developer,Purchase to unlock 👆,Other / Unknown,0,Jakarta,ID,Prefer not to tell,IDR,7400000,Gross,Monthly,"Insurance, Bonus Performance, 2 THR",
Frontend Engineer,Traveloka,Other / Unknown,3,Tangerang,ID,Prefer not to tell,IDR,15700000,Net,Monthly,,
Android Developer,Purchase to unlock 👆,Other / Unknown,2,Jakarta,ID,Prefer not to tell,IDR,17340000,Net,Monthly,,Verified
Project Manager,Purchase to unlock 👆,Other / Unknown,2,Depok,ID,Male,IDR,14400000,Net,Monthly,ESOP,
Software Engineer,Purchase to unlock 👆,Other / Unknown,1,Jakarta,ID,Male,IDR,6000000,Net,Monthly,,
Software Engineer,Purchase to unlock 👆,SaaS,2,Jakarta,ID,Male,IDR,11800000,Gross,Monthly,,
UI Designer,Purchase to unlock 👆,Other / Unknown,4,Jakarta,ID,Prefer not to tell,IDR,9000000,Net,Monthly,"BPJS-K, BPJS-TK, Private Insurance, Medical Allowance",
UX Writer,Purchase to unlock 👆,Other / Unknown,2,Jakarta,ID,Prefer not to tell,IDR,18800000,Gross,Monthly,,Verified
UX Writer,Purchase to unlock 👆,Bank,2,Jakarta,ID,Prefer not to tell,IDR,12000000,Net,Monthly,,Verified
UX Writer,Purchase to unlock 👆,Advertisement,2,Jakarta,ID,Prefer not to tell,IDR,18500000,Gross,Monthly,insurance,Verified
Data Analyst,Purchase to unlock 👆,Other / Unknown,2,Jakarta,ID,Prefer not to tell,IDR,5000000,Gross,Monthly,,
Data Analyst,Purchase to unlock 👆,Other / Unknown,2,Jakarta,ID,Male,IDR,23000000,Net,Monthly,,
Data Analyst,Purchase to unlock 👆,Other / Unknown,2,Jakarta,ID,Male,IDR,34000000,Gross,Monthly,,
UX Writer,Purchase to unlock 👆,Fintech,2,Jakarta,ID,Prefer not to tell,IDR,8000000,Net,Monthly,,
Software Engineer,Purchase to unlock 👆,P2P Lending,3,Jakarta,ID,Male,IDR,8000000,Net,Monthly,,
Quality Assurance,Traveloka,Other / Unknown,2,Jakarta,ID,Prefer not to tell,IDR,15000000,Net,Monthly,,
Quality Assurance,Traveloka,Other / Unknown,2,Jakarta,ID,Prefer not to tell,IDR,15000000,Net,Monthly,,
Quality Assurance,Traveloka,Other / Unknown,2,Jakarta,ID,Prefer not to tell,IDR,15000000,Net,Monthly,,
Software Engineer,Purchase to unlock 👆,Other / Unknown,2,Jakarta,ID,Male,IDR,16500000,Net,Monthly,BPJS,
Project Manager,Purchase to unlock 👆,Other / Unknown,1,Banten,ID,Male,IDR,2200000,Gross,Monthly,,
Project Manager,Purchase to unlock 👆,Fintech,10,Depok,ID,Prefer not to tell,IDR,70000000,Gross,Monthly,"Insurance, Bonus",
Project Manager,Purchase to unlock 👆,Fintech,10,Depok,ID,Prefer not to tell,IDR,70000000,Gross,Monthly,"Insurance, Bonus",
Software Engineer,Gojek,Other / Unknown,4,Jakarta,ID,Male,IDR,15200000,Net,Monthly,"private insurance, daily allowance",
Data Analyst,Purchase to unlock 👆,Other / Unknown,0,Jakarta,ID,Prefer not to tell,IDR,6600000,Gross,Monthly,700000,
UI Designer,Purchase to unlock 👆,Other / Unknown,2,Jakarta,ID,Male,IDR,7000000,Gross,Monthly,"Health Insurance, 100K voucher, Laptop allowance",Verified
UI Designer,Traveloka,Other / Unknown,3,Jakarta,ID,Female,IDR,13000000,Net,Monthly,Traveloka points,
Project Manager,Purchase to unlock 👆,Other / Unknown,4,Bandung,ID,Prefer not to tell,IDR,11000000,Gross,Monthly,insurances,
Quality Assurance,Purchase to unlock 👆,Other / Unknown,0,Bandung,ID,Prefer not to tell,IDR,3650000,Net,Monthly,"BPJS, WFH/WFO, Transport fee",
Backend Engineer,Tiket.com,Other / Unknown,3,Jakarta,ID,Male,IDR,14500000,Net,Monthly,,
Project Manager,Purchase to unlock 👆,Other / Unknown,4,Jakarta,ID,Prefer not to tell,IDR,22000000,Gross,Monthly,"Private Insurance, Remote Working and Annual Bonus",
Project Manager,Purchase to unlock 👆,Crowdsourcing,1,Banten,ID,Male,IDR,5500000,Net,Monthly,,
Data Analyst,Purchase to unlock 👆,Other / Unknown,3,Jakarta,ID,Female,IDR,15000000,Gross,Monthly,,
Software Engineer,Tokopedia,Other / Unknown,5,Jakarta,ID,Male,IDR,16000000,Net,Monthly,,
IT Support,Purchase to unlock 👆,Other / Unknown,10,Jakarta,ID,Male,IDR,15000000,Gross,Monthly,,
Android Developer,Purchase to unlock 👆,Other / Unknown,6,Jakarta,ID,Male,IDR,31000000,Net,Monthly,,
Fullstack Developer,Purchase to unlock 👆,Other / Unknown,0,Bogor,ID,Male,IDR,7000000,Gross,Monthly,None,
IT Support,Purchase to unlock 👆,Other / Unknown,10,Bandung,ID,Prefer not to tell,IDR,12500000,Net,Monthly,,
IT Support,Purchase to unlock 👆,Other / Unknown,10,Bandung,ID,Prefer not to tell,IDR,12500000,Net,Monthly,,
IT Support,Purchase to unlock 👆,Other / Unknown,10,Bandung,ID,Prefer not to tell,IDR,12500000,Gross,Monthly,RSU,
IT Support,Purchase to unlock 👆,Other / Unknown,10,Bandung,ID,Prefer not to tell,IDR,12500000,Gross,Monthly,RSU,Verified
Data Analyst,Purchase to unlock 👆,Other / Unknown,3,Depok,ID,Male,IDR,14500000,Gross,Monthly,,Verified
Project Manager,Bukalapak,Other / Unknown,5,Jakarta,ID,Male,IDR,18000000,Net,Monthly,,
Project Manager,Purchase to unlock 👆,Other / Unknown,0,Jakarta,ID,Male,IDR,6500000,Gross,Monthly,,
Software Engineer,Tiket.com,Other / Unknown,7,Jakarta,ID,Prefer not to tell,IDR,41000000,Net,Monthly,Stock Options,
Software Engineer,Purchase to unlock 👆,Other / Unknown,2,Jakarta,ID,Female,IDR,6500000,Gross,Monthly,,
Android Developer,Purchase to unlock 👆,Other / Unknown,0,Jakarta,ID,Prefer not to tell,IDR,5750000,Gross,Monthly,"BPJS, Parking",
UX Writer,Purchase to unlock 👆,University,4,Bandung,ID,Male,IDR,15000000,Net,Monthly,Health insurance,
UX Writer,Purchase to unlock 👆,Other / Unknown,15,Jakarta,ID,Male,USD,60000000,Net,Monthly,Stock Options,Verified
Data Analyst,Gojek,Other / Unknown,2,Tangerang,ID,Male,IDR,13000000,Gross,Monthly,,
Data Analyst,Purchase to unlock 👆,Other / Unknown,5,Jakarta,ID,Prefer not to tell,IDR,7000000,Gross,Monthly,,
Data Analyst,Purchase to unlock 👆,Edtech,2,Jakarta,ID,Male,IDR,7500000,Gross,Monthly,,
UX Writer,Purchase to unlock 👆,Other / Unknown,2,Jakarta,ID,Female,IDR,13000000,Net,Monthly,,
Software Engineer,Gojek,Other / Unknown,3,Surabaya,ID,Male,IDR,21000000,Gross,Monthly,"Gopay, Insurance",
Android Developer,Purchase to unlock 👆,Other / Unknown,5,Jakarta,ID,Male,IDR,22500000,Net,Monthly,,
Software Engineer,Gojek,Other / Unknown,2,Jakarta,ID,Female,IDR,8240000,Gross,Monthly,"BPJS, Insurance",Verified
Android Developer,Purchase to unlock 👆,Other / Unknown,5,Jakarta,ID,Male,IDR,42000000,Net,Monthly,Insurance,
Software Engineer,Purchase to unlock 👆,Video Streaming Startup,3,Jakarta,ID,Male,IDR,18000000,Gross,Monthly,,
Data Engineer,Tokopedia,Other / Unknown,20,Jakarta,ID,Prefer not to tell,IDR,10000000,Net,Monthly,,
Data Engineer,Tokopedia,Other / Unknown,20,Jakarta,ID,Prefer not to tell,IDR,10000000,Net,Monthly,,
IT Support,Purchase to unlock 👆,Other / Unknown,6,Semarang,ID,Male,IDR,6505000,Net,Monthly,,
Software Engineer,Purchase to unlock 👆,Other / Unknown,4,Jakarta,ID,Male,IDR,37000000,Net,Monthly,"stock options, yearly bonus, medical insurance, BPJS",
Software Engineer,Purchase to unlock 👆,Other / Unknown,0,Bandung,ID,Prefer not to tell,IDR,8200000,Net,Monthly,,
Software Engineer,Purchase to unlock 👆,Other / Unknown,0,Jakarta,ID,Female,IDR,15000000,Net,Monthly,,
Software Engineer,Purchase to unlock 👆,Other / Unknown,4,Yogyakarta,ID,Male,IDR,16000000,Gross,Monthly,,
Project Manager,Purchase to unlock 👆,Other / Unknown,0,Depok,ID,Male,IDR,7000000,Net,Monthly,"Company Health Insurance,",
Backend Engineer,Purchase to unlock 👆,Other / Unknown,2,Jakarta,ID,Male,IDR,10400000,Net,Monthly,,
Project Manager,Purchase to unlock 👆,Other / Unknown,3,Jakarta,ID,Male,IDR,10000000,Gross,Monthly,,
IT Support,Purchase to unlock 👆,Bank,1,Jakarta,ID,Prefer not to tell,IDR,10000000,Net,Monthly,,
Data Analyst,Purchase to unlock 👆,Other / Unknown,2,Jakarta,ID,Female,IDR,10150000,Gross,Monthly,,
Quality Assurance,Purchase to unlock 👆,Other / Unknown,5,Yogyakarta,ID,Male,IDR,14000000,Gross,Monthly,,Verified
Frontend Engineer,Purchase to unlock 👆,Other / Unknown,3,Jakarta,ID,Prefer not to tell,IDR,12500000,Gross,Monthly,,Verified
Frontend Engineer,Purchase to unlock 👆,Other / Unknown,1,Bandung,ID,Male,IDR,7000000,Gross,Monthly,,
Frontend Engineer,Purchase to unlock 👆,Other / Unknown,1,Semarang,ID,Male,IDR,8000000,Gross,Monthly,,
Frontend Engineer,Purchase to unlock 👆,Other / Unknown,0,Jakarta,ID,Prefer not to tell,IDR,7000000,Net,Monthly,,
Quality Assurance,Purchase to unlock 👆,Other / Unknown,10,Jakarta,ID,Prefer not to tell,IDR,18000000,Net,Monthly,"Medical, WFH option",
Project Manager,Gojek,Other / Unknown,5,Jakarta,ID,Male,IDR,29700000,Gross,Monthly,"RSU, Transportation, Gopay",
Project Manager,Purchase to unlock 👆,Wallet Startup,4,Jakarta,ID,Male,IDR,22000000,Gross,Monthly,LinkAja Saldo,
Project Manager,Purchase to unlock 👆,Bank,3,Jakarta,ID,Prefer not to tell,IDR,13500000,Gross,Monthly,,
Project Manager,Purchase to unlock 👆,Other / Unknown,1,Jakarta,ID,Female,IDR,13500000,Net,Monthly,,
Project Manager,Purchase to unlock 👆,Other / Unknown,3,Jakarta,ID,Male,IDR,17000000,Net,Monthly,,
Project Manager,Purchase to unlock 👆,Other / Unknown,1,Surabaya,ID,Male,IDR,5500000,Gross,Monthly,"Travel Allowance, Private Insurance, Phone Allowance, Membership of professional forum, Paid Training.",
Project Manager,Purchase to unlock 👆,Other / Unknown,1,Surabaya,ID,Male,IDR,5500000,Gross,Monthly,"Travel Allowance, Private Insurance, Phone Allowance, Membership of professional forum, Paid Training.",
Project Manager,Purchase to unlock 👆,E-commerce Enabler,2,Banten,ID,Prefer not to tell,IDR,3000000,Gross,Monthly,,
UX Writer,Purchase to unlock 👆,Online Grocery,1,Jakarta,ID,Prefer not to tell,IDR,9500000,Gross,Monthly,,
Backend Engineer,Purchase to unlock 👆,Other / Unknown,4,Jakarta,ID,Prefer not to tell,IDR,24150000,Net,Monthly,,
Backend Engineer,Purchase to unlock 👆,Wallet Startup,4,Jakarta,ID,Prefer not to tell,IDR,20500000,Net,Monthly,"wallet, insurance",
Backend Engineer,Purchase to unlock 👆,Wallet Startup,4,Jakarta,ID,Prefer not to tell,IDR,20500000,Net,Monthly,"wallet, insurance",
Backend Engineer,Shopee,Other / Unknown,5,Jakarta,ID,Male,IDR,35000000,Gross,Monthly,"shopeepay , insurance, free lunch",
Data Engineer,Tokopedia,Other / Unknown,1,Jakarta,ID,Male,IDR,23000000,Gross,Monthly,"GoPay, Inpatient (Private Insurance), Outpatient (Company), Marriage Allowance, Death Allowance, Birth Allowance",
Android Developer,Purchase to unlock 👆,Other / Unknown,7,Jakarta,ID,Prefer not to tell,IDR,37000000,Net,Monthly,RSU,
Data Engineer,Purchase to unlock 👆,Other / Unknown,2,Jakarta,ID,Male,IDR,18400000,Gross,Monthly,Stock,
Data Engineer,Purchase to unlock 👆,Other / Unknown,2,Jakarta,ID,Male,IDR,18400000,Gross,Monthly,"Stock options, health insurance",Verified
Data Analyst,Purchase to unlock 👆,Fintech,3,Jakarta,ID,Prefer not to tell,IDR,25000000,Gross,Monthly,,
Data Analyst,Purchase to unlock 👆,Fintech,3,Jakarta,ID,Prefer not to tell,IDR,25000000,Gross,Monthly,,
Data Engineer,Purchase to unlock 👆,Other / Unknown,3,Jakarta,ID,Male,IDR,13000000,Gross,Monthly,BPJS,Verified
Data Analyst,Purchase to unlock 👆,Other / Unknown,2,Jakarta,ID,Male,IDR,10000000,Net,Monthly,,
Software Engineer,Tokopedia,Other / Unknown,7,Depok,ID,Prefer not to tell,IDR,28000000,Gross,Monthly,,
Data Analyst,Purchase to unlock 👆,Other / Unknown,3,Jakarta,ID,Male,IDR,4200000,Gross,Monthly,,
Software Engineer,Lazada,Other / Unknown,3,Jakarta,ID,Prefer not to tell,IDR,18500000,Gross,Monthly,,
Data Analyst,Purchase to unlock 👆,Cryptocurrency Exchange,5,Jakarta,ID,Prefer not to tell,IDR,25000000,Net,Monthly,,
Backend Engineer,Purchase to unlock 👆,Other / Unknown,3,Surabaya,ID,Male,IDR,25000000,Net,Monthly,,Verified
Project Manager,Purchase to unlock 👆,Other / Unknown,2,Jakarta,ID,Male,IDR,9000000,Gross,Monthly,,
Android Developer,Purchase to unlock 👆,Other / Unknown,5,Jakarta,ID,Male,IDR,37000000,Net,Monthly,RSU,
Software Engineer,Purchase to unlock 👆,Other / Unknown,0,Semarang,ID,Male,IDR,3000000,Net,Monthly,,
Data Engineer,Traveloka,Other / Unknown,0,Bandung,ID,Male,IDR,7000000,Net,Monthly,,
Frontend Engineer,Purchase to unlock 👆,Other / Unknown,4,Jakarta,ID,Male,IDR,20400000,Net,Monthly,,
UX Writer,Purchase to unlock 👆,Other / Unknown,2,Jakarta,ID,Male,IDR,11000000,Net,Monthly,-,
Frontend Engineer,Purchase to unlock 👆,Cryptocurrency Exchange,2,Semarang,ID,Prefer not to tell,IDR,10000000,Net,Monthly,,
Software Engineer,Purchase to unlock 👆,Other / Unknown,3,Jakarta,ID,Prefer not to tell,IDR,8000000,Net,Monthly,,
UX Writer,Purchase to unlock 👆,Digital Bank,3,Jakarta,ID,Prefer not to tell,IDR,18800000,Gross,Monthly,internet 400.000,
Software Engineer,Tokopedia,Other / Unknown,3,Jakarta,ID,Male,IDR,13000000,Gross,Monthly,,
Software Engineer,Bukalapak,Other / Unknown,3,Jakarta,ID,Female,IDR,25000000,Net,Monthly,#NAME?,
Quality Assurance,Purchase to unlock 👆,Other / Unknown,2,Yogyakarta,ID,Male,IDR,7400000,Net,Monthly,None,Verified
Software Engineer,Purchase to unlock 👆,Online Grocery,6,Jakarta,ID,Male,IDR,52000000,Gross,Monthly,"Stock Options, private insurance, BPJS",
Backend Engineer,Purchase to unlock 👆,Other / Unknown,2,Jakarta,ID,Prefer not to tell,IDR,9500000,Gross,Monthly,,
UX Writer,Purchase to unlock 👆,Other / Unknown,0,Jakarta,ID,Prefer not to tell,IDR,16000000,Net,Monthly,"BPJS Kesehatan, BPJS Ketenagakerjaan",
Software Engineer,Purchase to unlock 👆,P2P Lending,1,Jakarta,ID,Male,IDR,7500000,Net,Monthly,"Pajak, BPJS",
UI Designer,Purchase to unlock 👆,Fintech,1,Bekasi,ID,Prefer not to tell,IDR,6500000,Gross,Monthly,,
UI Designer,Purchase to unlock 👆,Fintech,1,Jakarta,ID,Prefer not to tell,IDR,6500000,Gross,Monthly,,
Data Engineer,Purchase to unlock 👆,Other / Unknown,5,Jakarta,ID,Male,IDR,21000000,Net,Monthly,"Tax Benefit, Private Health Insurance",
Backend Engineer,Purchase to unlock 👆,Other / Unknown,4,Banten,ID,Male,IDR,6000000,Net,Monthly,,
Data Analyst,Purchase to unlock 👆,Other / Unknown,4,Jakarta,ID,Male,IDR,12000000,Gross,Monthly,,
Data Engineer,Purchase to unlock 👆,Other / Unknown,2,Jakarta,ID,Male,IDR,12000000,Gross,Monthly,,
Data Analyst,Purchase to unlock 👆,Other / Unknown,7,Jakarta,ID,Male,IDR,33000000,Net,Monthly,"stock options, yearly bonus, medical insurance, medical reimbursement, digital wallet cash",Verified
UI Designer,Purchase to unlock 👆,Other / Unknown,5,Jakarta,ID,Female,IDR,18700000,Net,Monthly,,Verified
Quality Assurance,Purchase to unlock 👆,Other / Unknown,10,Jakarta,ID,Male,IDR,69000000,Gross,Monthly,,Verified
Quality Assurance,Purchase to unlock 👆,Other / Unknown,7,Jakarta,ID,Male,IDR,21000000,Gross,Monthly,"stock options, yearly bonus, private health insurance, medical reimbursement, digital wallet cash",Verified
Quality Assurance,Purchase to unlock 👆,Other / Unknown,7,Jakarta,ID,Male,IDR,19000000,Gross,Monthly,"stock options, yearly bonus, private health insurance, medical reimbursement, digital wallet cash",Verified
Project Manager,Purchase to unlock 👆,Other / Unknown,5,Jakarta,ID,Female,IDR,17000000,Gross,Monthly,"stock options, yearly bonus, private health insurance, medical reimbursement, digital wallet cash",Verified
Data Analyst,Purchase to unlock 👆,Other / Unknown,7,Jakarta,ID,Female,IDR,24000000,Gross,Monthly,"stock options, yearly bonus, private health insurance, medical reimbursement, digital wallet cash",Verified
Backend Engineer,Purchase to unlock 👆,Other / Unknown,5,Jakarta,ID,Male,IDR,18000000,Gross,Monthly,"stock options, yearly bonus, private health insurance, medical reimbursement, digital wallet cash",Verified
Project Manager,Purchase to unlock 👆,Other / Unknown,0,Surabaya,ID,Prefer not to tell,IDR,4000000,Gross,Monthly,,
Project Manager,Purchase to unlock 👆,Other / Unknown,0,Surabaya,ID,Prefer not to tell,IDR,4000000,Net,Monthly,,
Quality Assurance,Purchase to unlock 👆,Other / Unknown,1,Tangerang,ID,Male,IDR,1500000,Gross,Monthly,,
Android Developer,Purchase to unlock 👆,Edtech,4,Bandung,ID,Male,IDR,14000000,Net,Monthly,,
Backend Engineer,Purchase to unlock 👆,P2P Lending,0,Jakarta,ID,Male,IDR,6600000,Net,Monthly,,
Backend Engineer,Purchase to unlock 👆,Other / Unknown,0,Yogyakarta,ID,Prefer not to tell,IDR,5000000,Gross,Monthly,,
Software Engineer,Purchase to unlock 👆,Other / Unknown,1,Jakarta,ID,Male,IDR,7000000,Gross,Monthly,,
Backend Engineer,Purchase to unlock 👆,Car Marketplace,6,Surabaya,ID,Prefer not to tell,IDR,13000000,Gross,Monthly,,
Fullstack Developer,Purchase to unlock 👆,Other / Unknown,3,Jakarta,ID,Male,IDR,6500000,Net,Monthly,,
Android Developer,Purchase to unlock 👆,Other / Unknown,1,Depok,ID,Male,IDR,6500000,Gross,Monthly,,
UI Designer,Purchase to unlock 👆,Other / Unknown,20,Jakarta,ID,Prefer not to tell,IDR,25000000,Gross,Monthly,,
UI Designer,Purchase to unlock 👆,Other / Unknown,20,Jakarta,ID,Prefer not to tell,IDR,25000000,Gross,Monthly,,
Software Engineer,Purchase to unlock 👆,Other / Unknown,2,Jakarta,ID,Male,IDR,11000000,Net,Monthly,Blipay 500k,Verified
Fullstack Developer,Purchase to unlock 👆,Other / Unknown,3,Jakarta,ID,Prefer not to tell,IDR,5500000,Gross,Monthly,,Verified
Backend Engineer,Purchase to unlock 👆,Other / Unknown,1,Yogyakarta,ID,Prefer not to tell,IDR,7000000,Gross,Monthly,,
Software Engineer,Purchase to unlock 👆,Other / Unknown,1,Banten,ID,Male,IDR,4000000,Net,Monthly,,
Backend Engineer,Purchase to unlock 👆,Other / Unknown,2,Jakarta,ID,Male,IDR,12300000,Net,Monthly,,
Frontend Engineer,Purchase to unlock 👆,Other / Unknown,3,Yogyakarta,ID,Male,IDR,14000000,Net,Monthly,Medical insurance,
Software Engineer,Purchase to unlock 👆,Other / Unknown,1,Bogor,ID,Male,IDR,19000000,Gross,Monthly,,
Backend Engineer,Purchase to unlock 👆,Other / Unknown,2,Bekasi,ID,Male,IDR,6000000,Net,Monthly,,
Frontend Engineer,Purchase to unlock 👆,Other / Unknown,1,Jakarta,ID,Male,IDR,7000000,Net,Monthly,,
Software Engineer,Purchase to unlock 👆,Other / Unknown,1,Bekasi,ID,Male,IDR,8000000,Gross,Monthly,,
Android Developer,Purchase to unlock 👆,Other / Unknown,1,Semarang,ID,Male,IDR,4300000,Gross,Monthly,,
Backend Engineer,Purchase to unlock 👆,Other / Unknown,1,Yogyakarta,ID,Prefer not to tell,IDR,2500000,Gross,Monthly,,
Backend Engineer,Purchase to unlock 👆,Other / Unknown,3,Jakarta,ID,Male,IDR,10700000,Gross,Monthly,"BPJS Kesehatan, BPJS Ketenagakerjaan",
Backend Engineer,Purchase to unlock 👆,Other / Unknown,3,Jakarta,ID,Male,IDR,9000000,Gross,Monthly,,
Software Engineer,Purchase to unlock 👆,Wallet Startup,0,Jakarta,ID,Male,IDR,12000000,Gross,Monthly,total salary include DANA Balance,Verified
Frontend Engineer,Purchase to unlock 👆,Other / Unknown,1,Tangerang,ID,Prefer not to tell,IDR,10300000,Net,Monthly,,
Backend Engineer,Purchase to unlock 👆,Other / Unknown,3,Surabaya,ID,Male,IDR,10000000,Gross,Monthly,,
Backend Engineer,Purchase to unlock 👆,Other / Unknown,2,Jakarta,ID,Male,IDR,3000000,Gross,Monthly,reimbusment for overtime,
Data Engineer,Purchase to unlock 👆,Other / Unknown,3,Banten,ID,Male,IDR,15180000,Gross,Monthly,,
Android Developer,Purchase to unlock 👆,Other / Unknown,2,Jakarta,ID,Male,IDR,10500000,Net,Monthly,,
Backend Engineer,Purchase to unlock 👆,Other / Unknown,5,Bandung,ID,Male,IDR,6000000,Net,Monthly,BPJS TK,
Software Engineer,Purchase to unlock 👆,Other / Unknown,0,Yogyakarta,ID,Male,IDR,7000000,Gross,Monthly,,Verified
Android Developer,Purchase to unlock 👆,Other / Unknown,2,Yogyakarta,ID,Male,IDR,10100000,Net,Monthly,,Verified
Software Engineer,Tokopedia,Other / Unknown,1,Yogyakarta,ID,Prefer not to tell,IDR,7000000,Gross,Monthly,,
Android Developer,Purchase to unlock 👆,Other / Unknown,3,Jakarta,ID,Male,IDR,8800000,Gross,Monthly,,
Backend Engineer,Purchase to unlock 👆,Other / Unknown,1,Semarang,ID,Prefer not to tell,IDR,4500000,Net,Monthly,,
UI Designer,Purchase to unlock 👆,Other / Unknown,1,Banten,ID,Male,IDR,3000000,Net,Monthly,,
Project Manager,Purchase to unlock 👆,Other / Unknown,2,Semarang,ID,Male,IDR,7500000,Net,Monthly,,
Quality Assurance,Purchase to unlock 👆,Other / Unknown,0,Banten,ID,Male,IDR,4000000,Gross,Monthly,,
Project Manager,Purchase to unlock 👆,Software House,2,Semarang,ID,Male,IDR,7500000,Net,Monthly,,
IT Support,Purchase to unlock 👆,Other / Unknown,2,Jakarta,ID,Prefer not to tell,IDR,5000000,Net,Monthly,1x Bonus,
Backend Engineer,Purchase to unlock 👆,Other / Unknown,2,Jakarta,ID,Male,IDR,12223500,Gross,Monthly,"Mcbook Pro 2019, Gym member, BPJS, Peformance Bonus (2x), THR(1x), Full WFH, Health Insurance",
Backend Engineer,Purchase to unlock 👆,Other / Unknown,2,Jakarta,ID,Male,IDR,12223500,Gross,Monthly,"Mcbook Pro 2019, Gym member, BPJS, Peformance Bonus (2x), THR(1x), Full WFH, Health Insurance",
Backend Engineer,Purchase to unlock 👆,Other / Unknown,2,Jakarta,ID,Male,IDR,12223500,Gross,Monthly,"Mcbook Pro 2019, Gym member, BPJS, Peformance Bonus (2x), THR(1x), Full WFH, Health Insurance",Verified
Project Manager,Purchase to unlock 👆,Other / Unknown,1,Yogyakarta,ID,Male,IDR,18000000,Gross,Monthly,,
Software Engineer,Purchase to unlock 👆,Other / Unknown,4,Banten,ID,Male,IDR,4700000,Gross,Monthly,,
Android Developer,Purchase to unlock 👆,Other / Unknown,2,Tangerang,ID,Male,IDR,6000000,Net,Monthly,"BPJS Kesehatan, Manulife Private Insurance",
Android Developer,Purchase to unlock 👆,Other / Unknown,2,Tangerang,ID,Male,IDR,6000000,Net,Monthly,"BPJS Kesehatan, Manulife Private Insurance",
Data Scientist,Purchase to unlock 👆,Other / Unknown,0,Bandung,ID,Prefer not to tell,IDR,1650000,Net,Monthly,,
Tester,Purchase to unlock 👆,Other / Unknown,0,Jakarta,ID,Male,IDR,10000000,Net,Monthly,Medical Coverage - Rawat inap Up to 800.000 / hari (Anak + Pasangan) - Maternity Allowance Up to 13 jt - Medicine reimbursement - Glasses Reimbursement,
Android Developer,Purchase to unlock 👆,Other / Unknown,0,Banten,ID,Male,IDR,3000000,Net,Monthly,,
Frontend Engineer,Purchase to unlock 👆,Other / Unknown,1,Surabaya,ID,Prefer not to tell,IDR,4000000,Net,Monthly,,
Backend Engineer,Purchase to unlock 👆,Other / Unknown,2,Jakarta,ID,Male,IDR,14000000,Gross,Monthly,,
Backend Engineer,Purchase to unlock 👆,Other / Unknown,6,Semarang,ID,Male,IDR,42500000,Net,Monthly,"Asuransi, THR",Verified
Android Developer,Purchase to unlock 👆,Other / Unknown,3,Jakarta,ID,Male,IDR,6000000,Net,Monthly,,Verified
Android Developer,Purchase to unlock 👆,Other / Unknown,1,Yogyakarta,ID,Male,IDR,5000000,Gross,Monthly,,
Backend Engineer,Purchase to unlock 👆,Other / Unknown,2,Jakarta,ID,Male,IDR,24500000,Gross,Monthly,RSU 11k USD/4yrs,
Software Engineer,Purchase to unlock 👆,Other / Unknown,10,Jakarta,ID,Prefer not to tell,IDR,36000000,Gross,Monthly,,
Software Engineer,Purchase to unlock 👆,Other / Unknown,10,Jakarta,ID,Prefer not to tell,IDR,36000000,Gross,Monthly,,
Software Engineer,Purchase to unlock 👆,Media,0,Surabaya,ID,Prefer not to tell,IDR,5250000,Gross,Monthly,"Free lunch, Health Insurance",
Software Engineer,Purchase to unlock 👆,Other / Unknown,2,Bandung,ID,Male,IDR,7000000,Net,Monthly,,
Fullstack Developer,Purchase to unlock 👆,Other / Unknown,2,Jakarta,ID,Male,IDR,10610000,Gross,Monthly,,Verified
Android Developer,Gojek,Other / Unknown,1,Bandung,ID,Male,IDR,1000000,Gross,Monthly,,
Fullstack Developer,Tokopedia,Other / Unknown,3,Jakarta,ID,Prefer not to tell,IDR,49000000,Gross,Monthly,"Stock Option, Gopay 2000 K, Marriage Allowance, Full Coverage Private Insurance for Inpatient & Outpatient (1 wife and 2 children), Marriage Allowance",Verified
Fullstack Developer,Purchase to unlock 👆,Other / Unknown,3,Jakarta,ID,Prefer not to tell,IDR,49000000,Gross,Monthly,"Stock Option, Gopay 2000 K, Marriage Allowance, Full Coverage Private Insurance for Inpatient & Outpatient",
Fullstack Developer,Purchase to unlock 👆,Other / Unknown,2,Semarang,ID,Male,IDR,2500000,Gross,Monthly,None,
Software Engineer,Purchase to unlock 👆,Other / Unknown,4,Bogor,ID,Male,IDR,25000000,Net,Monthly,Stock options,
Backend Engineer,Purchase to unlock 👆,Other / Unknown,1,Jakarta,ID,Male,IDR,5750000,Net,Monthly,,
Frontend Engineer,Purchase to unlock 👆,Other / Unknown,5,Tangerang,ID,Prefer not to tell,IDR,4700000,Net,Monthly,,
Frontend Engineer,Purchase to unlock 👆,Other / Unknown,1,Yogyakarta,ID,Male,IDR,6290000,Net,Monthly,BPJS Kes & TK,
Project Manager,Purchase to unlock 👆,Other / Unknown,1,Jakarta,ID,Male,IDR,9000000,Net,Monthly,"Native Token,Insurance,THR",
Frontend Engineer,Purchase to unlock 👆,Other / Unknown,0,Bogor,ID,Male,IDR,6000000,Gross,Monthly,,
Quality Assurance,Purchase to unlock 👆,Other / Unknown,3,Jakarta,ID,Male,IDR,12900000,Net,Monthly,"Private insurance, BPJS, Jamsostek, Parking allowance, sport allowance, annual leave.",
Frontend Engineer,Bukalapak,Other / Unknown,4,Bandung,ID,Male,IDR,20000000,Net,Monthly,,
Data Analyst,Purchase to unlock 👆,Software House,3,Jakarta,ID,Prefer not to tell,IDR,16500000,Gross,Monthly,,
IT Support,Purchase to unlock 👆,Other / Unknown,0,Jakarta,ID,Male,IDR,3000000,Net,Monthly,,
IT Support,Gojek,Other / Unknown,2,Jakarta,ID,Male,IDR,12320000,Gross,Monthly,Family Insurance,
Software Engineer,Purchase to unlock 👆,Other / Unknown,0,Jakarta,ID,Male,IDR,4000000,Net,Monthly,,
Android Developer,Purchase to unlock 👆,Other / Unknown,5,Bekasi,ID,Male,IDR,17000000,Gross,Monthly,,
Android Developer,Purchase to unlock 👆,Other / Unknown,5,Bekasi,ID,Male,IDR,17000000,Gross,Monthly,,
Frontend Engineer,Purchase to unlock 👆,Other / Unknown,0,Yogyakarta,ID,Male,IDR,4000000,Net,Monthly,"Free lunch, plus religious holiday allowance",
Fullstack Developer,Purchase to unlock 👆,Other / Unknown,4,Jakarta,ID,Prefer not to tell,IDR,13000000,Gross,Monthly,,
Software Engineer,Purchase to unlock 👆,Other / Unknown,4,Jakarta,ID,Prefer not to tell,IDR,16600000,Net,Monthly,"Medical Insurance, eVoucher,",
Frontend Engineer,Purchase to unlock 👆,Other / Unknown,3,Jakarta,ID,Prefer not to tell,IDR,9500000,Gross,Monthly,Medical insurance,
Data Engineer,Purchase to unlock 👆,Other / Unknown,2,Semarang,ID,Male,IDR,5736000,Net,Monthly,,
Data Engineer,Purchase to unlock 👆,Conglomeracy Group,4,Depok,ID,Male,IDR,25000000,Net,Monthly,"Catering, Free Parking, Private Insurance",
Data Analyst,Purchase to unlock 👆,Other / Unknown,9,Jakarta,ID,Prefer not to tell,IDR,23000000,Gross,Monthly,"Health insurance, Bonus, THR, Quarterly Incentive",
UX Writer,Purchase to unlock 👆,Other / Unknown,5,Jakarta,ID,Prefer not to tell,IDR,20000000,Net,Monthly,,
Project Manager,Purchase to unlock 👆,Other / Unknown,4,Jakarta,ID,Prefer not to tell,IDR,23000000,Net,Monthly,,
Backend Engineer,Purchase to unlock 👆,Car Marketplace,2,Semarang,ID,Prefer not to tell,IDR,12000000,Gross,Monthly,,
Frontend Engineer,Purchase to unlock 👆,Other / Unknown,2,Jakarta,ID,Male,IDR,6500000,Gross,Monthly,,
Android Developer,Purchase to unlock 👆,Other / Unknown,5,Jakarta,ID,Prefer not to tell,IDR,29800000,Net,Monthly,,
Software Engineer,Purchase to unlock 👆,Other / Unknown,0,Banten,ID,Male,IDR,3000000,Gross,Monthly,0,
Data Engineer,Purchase to unlock 👆,Other / Unknown,0,Bandung,ID,Prefer not to tell,IDR,6000000,Gross,Monthly,,
Frontend Engineer,Purchase to unlock 👆,Other / Unknown,1,Jakarta,ID,Male,IDR,6500000,Net,Monthly,,
Software Engineer,Purchase to unlock 👆,Other / Unknown,2,Bekasi,ID,Male,IDR,7000000,Gross,Monthly,"Tunjangan Transportasi 297,000. Tunjangan Kehadiran 97,000. Tunjangan Skill 1,000,000. Lembur dibayar. Asuransi Kesehatan diluar BPJS Kesehatan, jika limit habis maka akan direimburse perusahaan 90%. Ada bus jemputan untuk pergi dan pulang. Makan siang di pabrik gratis.",Verified
Data Engineer,Purchase to unlock 👆,Other / Unknown,1,Bandung,ID,Prefer not to tell,IDR,10500000,Gross,Monthly,BPJS,
Fullstack Developer,Purchase to unlock 👆,Other / Unknown,1,Jakarta,ID,Male,IDR,8000000,Net,Monthly,,
Software Engineer,Purchase to unlock 👆,SaaS,3,Bogor,ID,Male,IDR,17400000,Gross,Monthly,"Yearly Benefit 7.000.000 include insurance, gyms, bill and internet. Daily allowance 40.000",
Software Engineer,Purchase to unlock 👆,Other / Unknown,6,Tangerang,ID,Male,IDR,1500000,Gross,Monthly,,
Backend Engineer,Purchase to unlock 👆,Other / Unknown,2,Surabaya,ID,Male,IDR,12000000,Gross,Monthly,"Insurance, work from anywhere",
Backend Engineer,Purchase to unlock 👆,Other / Unknown,2,Bekasi,ID,Male,IDR,8000000,Net,Monthly,,Verified
Android Developer,Purchase to unlock 👆,Other / Unknown,10,Jakarta,ID,Male,IDR,11000000,Net,Monthly,,
Android Developer,Purchase to unlock 👆,Other / Unknown,0,Banten,ID,Male,IDR,3000000,Net,Monthly,,
Android Developer,Purchase to unlock 👆,Other / Unknown,2,Bandung,ID,Male,IDR,8500000,Net,Monthly,,
Android Developer,Purchase to unlock 👆,Other / Unknown,0,Yogyakarta,ID,Male,IDR,3500000,Gross,Monthly,,
Data Analyst,Purchase to unlock 👆,Bank,5,Jakarta,ID,Male,IDR,21000000,Net,Monthly,,
Data Engineer,Purchase to unlock 👆,Other / Unknown,1,Jakarta,ID,Prefer not to tell,IDR,15000000,Net,Monthly,,
Software Engineer,Purchase to unlock 👆,Other / Unknown,0,Jakarta,ID,Male,IDR,19200000,Net,Monthly,Stock Options 5000$ vest over 4 years with a 1 year cliff,
Software Engineer,Purchase to unlock 👆,Other / Unknown,0,Jakarta,ID,Male,IDR,5000000,Net,Monthly,Free lunch if attend to the office,
Backend Engineer,Purchase to unlock 👆,Other / Unknown,0,Jakarta,ID,Prefer not to tell,IDR,5500000,Net,Monthly,,
Backend Engineer,Purchase to unlock 👆,Other / Unknown,0,Jakarta,ID,Prefer not to tell,IDR,5000000,Net,Monthly,,
Backend Engineer,Traveloka,Other / Unknown,0,Jakarta,ID,Prefer not to tell,IDR,7000000,Net,Monthly,Laptop,
UX Writer,Purchase to unlock 👆,Other / Unknown,3,Jakarta,ID,Male,IDR,8600000,Net,Monthly,"Insurance, Transport Allowance, BPJS KS + KT",
UX Writer,Purchase to unlock 👆,Other / Unknown,3,Jakarta,ID,Male,IDR,8600000,Net,Monthly,"Insurance, Transport Allowance, BPJS KS + KT",
Backend Engineer,Purchase to unlock 👆,Other / Unknown,2,Bekasi,ID,Male,IDR,8000000,Net,Monthly,,
Software Engineer,Purchase to unlock 👆,Other / Unknown,2,Jakarta,ID,Prefer not to tell,IDR,8000000,Gross,Monthly,,
Project Manager,Purchase to unlock 👆,Other / Unknown,4,Jakarta,ID,Male,IDR,26000000,Net,Monthly,"Bonus, insurance, Reimbursement",
Quality Assurance,Purchase to unlock 👆,Other / Unknown,4,Jakarta,ID,Prefer not to tell,IDR,7000000,Net,Monthly,,
Backend Engineer,Purchase to unlock 👆,Other / Unknown,4,Banten,ID,Male,IDR,10000000,Net,Monthly,,
Project Manager,Purchase to unlock 👆,Wallet Startup,1,Semarang,ID,Female,IDR,12900000,Gross,Monthly,"BPJS, Insurance, Medical-Glasses",
Project Manager,Purchase to unlock 👆,Other / Unknown,3,Jakarta,ID,Female,IDR,12200000,Net,Monthly,,Verified
Software Engineer,Purchase to unlock 👆,Other / Unknown,0,Jakarta,ID,Prefer not to tell,IDR,19000000,Gross,Monthly,RSU USD5000,
Fullstack Developer,Purchase to unlock 👆,Other / Unknown,9,Jakarta,ID,Male,IDR,13000000,Gross,Monthly,,
Backend Engineer,Purchase to unlock 👆,Other / Unknown,10,Tangerang,ID,Male,IDR,20000000,Net,Monthly,,
Backend Engineer,Purchase to unlock 👆,Other / Unknown,10,Tangerang,ID,Male,IDR,20000000,Net,Monthly,,
Fullstack Developer,Purchase to unlock 👆,Other / Unknown,6,Tangerang,ID,Male,IDR,14000000,Net,Monthly,,
Backend Engineer,Purchase to unlock 👆,Other / Unknown,4,Tangerang,ID,Male,IDR,12000000,Net,Monthly,,
Software Engineer,Purchase to unlock 👆,Other / Unknown,8,Jakarta,ID,Male,IDR,16000000,Net,Monthly,,
Tester,Purchase to unlock 👆,University,0,Bandung,ID,Female,IDR,4000000,Net,Monthly,,
Project Manager,Purchase to unlock 👆,Other / Unknown,2,Jakarta,ID,Male,IDR,26000000,Net,Monthly,,
Project Manager,Purchase to unlock 👆,Other / Unknown,2,Jakarta,ID,Male,IDR,26000000,Net,Monthly,,
Project Manager,Purchase to unlock 👆,Other / Unknown,2,Jakarta,ID,Male,IDR,26000000,Net,Monthly,,
Project Manager,Purchase to unlock 👆,Other / Unknown,2,Jakarta,ID,Male,IDR,26000000,Net,Monthly,,
Project Manager,Purchase to unlock 👆,Other / Unknown,2,Jakarta,ID,Male,IDR,26000000,Net,Monthly,,
Software Engineer,Shopee,Other / Unknown,2,Jakarta,ID,Male,IDR,21500000,Gross,Monthly,meal benefit and transportation benefit,
Backend Engineer,Purchase to unlock 👆,Other / Unknown,5,Surabaya,ID,Male,IDR,2800000,Gross,Monthly,,
Android Developer,Purchase to unlock 👆,Other / Unknown,1,Jakarta,ID,Male,IDR,8500000,Net,Monthly,"15 Days off, Health insurance from AstraLife (for Eyeglass and Tooth)",Verified
Fullstack Developer,Purchase to unlock 👆,Other / Unknown,5,Banten,ID,Male,IDR,20000000,Gross,Monthly,,
UX Writer,Purchase to unlock 👆,Other / Unknown,0,Semarang,ID,Male,IDR,3500000,Gross,Monthly,,
Software Engineer,Purchase to unlock 👆,Other / Unknown,2,Yogyakarta,ID,Prefer not to tell,IDR,21000000,Net,Monthly,Annual Bonus: 1x salary,Verified
Software Engineer,Tokopedia,Other / Unknown,1,Banten,ID,Prefer not to tell,IDR,1200000,Net,Monthly,,
Android Developer,Purchase to unlock 👆,Other / Unknown,0,Jakarta,ID,Prefer not to tell,IDR,2400000,Net,Monthly,,
Software Engineer,Purchase to unlock 👆,Other / Unknown,1,Jakarta,ID,Male,IDR,11450000,Gross,Monthly,,
UI Designer,Purchase to unlock 👆,Other / Unknown,15,Bogor,ID,Male,IDR,34000000,Net,Monthly,,
Data Engineer,Purchase to unlock 👆,Car Marketplace,4,Banten,ID,Prefer not to tell,IDR,19000000,Gross,Monthly,,
Backend Engineer,Purchase to unlock 👆,Other / Unknown,5,Jakarta,ID,Male,IDR,35000000,Net,Monthly,Health Insurance Employee loan,
Fullstack Developer,Purchase to unlock 👆,Other / Unknown,1,Bekasi,ID,Male,IDR,5000000,Gross,Monthly,,
Frontend Engineer,Purchase to unlock 👆,Bank,1,Jakarta,ID,Male,IDR,6200000,Net,Monthly,Include Transportation Compensation,
Android Developer,Purchase to unlock 👆,Other / Unknown,3,Banten,ID,Male,IDR,5000000,Net,Monthly,,
Fullstack Developer,Purchase to unlock 👆,Other / Unknown,3,Surabaya,ID,Prefer not to tell,IDR,18000000,Gross,Monthly,"BPJS, private Insurance",
Backend Engineer,tiket.com,Other / Unknown,1,Surabaya,ID,Male,IDR,3000000,Net,Monthly,"(Macbook Pro 2018, COVID Test Reimburse)",
Backend Engineer,Purchase to unlock 👆,Other / Unknown,1,Depok,ID,Male,IDR,10100000,Gross,Monthly,,Verified
Backend Engineer,Purchase to unlock 👆,SaaS,2,Yogyakarta,ID,Male,IDR,11500000,Gross,Monthly,,
Project Manager,Purchase to unlock 👆,Other / Unknown,3,Jakarta,ID,Male,IDR,22500000,Net,Monthly,,
Backend Engineer,Purchase to unlock 👆,Other / Unknown,4,Jakarta,ID,Male,IDR,13999998,Net,Monthly,Insurance,
Software Engineer,Purchase to unlock 👆,Other / Unknown,5,Jakarta,ID,Male,IDR,9350000,Net,Monthly,,Verified
Data Scientist,Purchase to unlock 👆,Other / Unknown,1,Jakarta,ID,Male,IDR,6000000,Net,Monthly,,
Backend Engineer,Purchase to unlock 👆,Other / Unknown,6,Tangerang,ID,Female,IDR,12000000,Gross,Monthly,,
Backend Engineer,Purchase to unlock 👆,P2P Lending,1,Surabaya,ID,Prefer not to tell,IDR,6000000,Net,Monthly,,
Software Engineer,Purchase to unlock 👆,Other / Unknown,10,Yogyakarta,ID,Male,IDR,33650000,Gross,Monthly,Health insurance for family,Verified
Software Engineer,Purchase to unlock 👆,Other / Unknown,3,Jakarta,ID,Male,IDR,23000000,Gross,Monthly,"THR, 18 annual PTO, ESOP",
Android Developer,Purchase to unlock 👆,Other / Unknown,7,Bekasi,ID,Male,IDR,12500000,Net,Monthly,,
Project Manager,Traveloka,Other / Unknown,4,Jakarta,ID,Prefer not to tell,IDR,35999999,Net,Monthly,RSU Insurance,
Software Engineer,Purchase to unlock 👆,P2P Lending,1,Jakarta,ID,Prefer not to tell,IDR,8000000,Net,Monthly,,
Software Engineer,Purchase to unlock 👆,Other / Unknown,3,Jakarta,ID,Male,IDR,18000000,Net,Monthly,"Pulsa Smartfren 250.000, Reimbursement Health, 14x Gaji setahun, BPJS",
